Player,Team,Position,GP,TOI,Goals,Total Assists,First Assists,Second Assists,Total Points,IPP,Shots,SH%,ixG,iCF,iFF,iSCF,iHDCF,Rush Attempts,Rebounds Created,PIM,Total Penalties,Minor,Major,Misconduct,Penalties Drawn,Giveaways,Takeaways,Hits,Hits Taken,Shots Blocked,Faceoffs Won,Faceoffs Lost,Faceoffs %
Zdeno Chara,NYI,D,72,125.16666666667,0,0,0,0,0,0.00,2,0.00,0.22,5,5,2,0,0,0,0,0,0,0,0,0,1,2,6,1,8,0,0,-
Joe Thornton,FLA,C,34,0.5,0,0,0,0,0,-,0,-,0.0,0,0,0,0,0,0,0,0,0,0,0,0,0,0,0,0,0,0,0,-
Jason Spezza,TOR,C,71,11.05,0,0,0,0,0,-,0,-,0.0,1,0,0,0,0,0,0,0,0,0,0,0,0,0,0,1,0,13,21,38.24
Duncan Keith,EDM,D,64,112.55,0,0,0,0,0,0.00,4,0.00,0.01,4,4,0,0,0,0,0,0,0,0,0,0,4,5,4,1,12,0,0,-
Ryan Suter,DAL,D,82,131.28333333333,0,0,0,0,0,0.00,2,0.00,0.2,4,4,2,0,1,0,6,3,3,0,0,0,4,1,3,0,10,0,0,-
Jeff Carter,PIT,C,76,111.18333333333,1,0,0,0,1,100.00,14,7.14,0.87,17,16,5,4,5,0,4,2,2,0,0,3,2,7,6,0,8,52,61,46.02
Dustin Brown,L.A,"L, R",64,1.3666666666667,0,0,0,0,0,-,0,-,0.0,0,0,0,0,0,0,0,0,0,0,0,0,0,0,0,0,0,0,0,-
Zach Parise,NYI,L,82,124.3,2,0,0,0,2,100.00,11,18.18,1.16,14,13,8,4,2,0,0,0,0,0,0,2,1,1,2,0,9,3,1,75.00
Ryan Getzlaf,ANA,C,56,38.316666666667,0,0,0,0,0,0.00,0,-,0.0,0,0,0,0,0,0,4,2,2,0,0,0,1,1,3,0,3,42,45,48.28
Brent Burns,S.J,D,82,223.73333333333,0,1,0,1,1,33.33,10,0.00,0.03,10,10,0,0,1,0,2,1,1,0,0,1,8,7,8,4,4,0,0,-
Brian Boyle,PIT,C,66,124.65,1,0,0,0,1,100.00,5,20.00,0.25,5,5,2,1,0,0,2,1,1,0,0,0,4,10,2,3,14,25,44,36.23
Corey Perry,T.B,R,82,1.8666666666667,0,0,0,0,0,-,0,-,0.0,0,0,0,0,0,0,0,0,0,0,0,1,0,0,0,0,0,0,1,0.00
Loui Eriksson,ARI,L,73,93.333333333333,1,0,0,0,1,100.00,7,14.29,0.55,10,9,3,2,1,0,0,0,0,0,0,0,3,5,3,1,5,1,1,50.00
Patrice Bergeron,BOS,C,73,122.31666666667,0,3,1,2,3,100.00,13,0.00,1.11,16,15,10,4,2,2,8,4,4,0,0,1,0,3,6,1,10,90,90,50.00
Brad Richardson,"CGY, VAN",R,44,35.05,0,0,0,0,0,-,2,0.00,0.38,2,2,2,2,0,1,4,2,2,0,0,1,0,0,2,1,0,3,11,21.43
Nate Thompson,PHI,C,33,71.616666666667,0,0,0,0,0,-,3,0.00,0.78,5,5,5,5,1,0,0,0,0,0,0,0,2,3,1,1,5,26,20,56.52
Joe Pavelski,DAL,C,82,42.233333333333,0,0,0,0,0,-,1,0.00,0.12,2,2,2,1,0,0,0,0,0,0,0,0,1,2,0,0,2,10,15,40.00
Mark Giordano,"SEA, TOR",D,75,121.5,2,0,0,0,2,40.00,4,50.00,0.37,6,6,3,2,0,0,2,1,1,0,0,0,4,4,3,4,19,0,0,-
Alex Ovechkin,WSH,L,77,0.85,1,0,0,0,1,100.00,1,100.00,0.09,1,1,1,1,0,0,0,0,0,0,0,0,0,0,0,0,0,0,0,-
Evgeni Malkin,PIT,C,41,0.38333333333333,0,0,0,0,0,-,0,-,0.0,0,0,0,0,0,0,0,0,0,0,0,0,0,0,0,0,0,0,0,-
Andrew Ladd,ARI,L,51,38.95,0,0,0,0,0,-,1,0.00,0.05,2,1,1,0,1,0,0,0,0,0,0,1,0,1,1,0,2,0,0,-
Blake Wheeler,WPG,R,65,20.5,0,0,0,0,0,-,1,0.00,0.18,1,1,1,1,1,0,2,1,1,0,0,0,0,1,0,0,1,1,2,33.33
Alexander Radulov,DAL,R,71,2.3666666666667,0,0,0,0,0,-,0,-,0.0,0,0,0,0,0,0,0,0,0,0,0,0,0,0,0,0,0,0,0,-
Blake Comeau,DAL,L,6,6.05,0,0,0,0,0,-,0,-,0.0,0,0,0,0,0,0,2,1,1,0,0,0,0,0,0,0,0,1,0,100.00
Alex Goligoski,MIN,D,72,83.166666666667,0,0,0,0,0,0.00,4,0.00,0.26,4,4,1,1,0,0,2,1,1,0,0,1,1,0,2,1,14,0,0,-
Andrej Sekera,DAL,D,32,28.833333333333,0,0,0,0,0,-,1,0.00,0.09,2,1,1,1,0,0,0,0,0,0,0,1,1,0,2,2,2,0,0,-
Alexander Edler,L.A,D,41,77.216666666667,0,1,0,1,1,25.00,3,0.00,0.08,3,3,1,0,0,0,0,0,0,0,0,1,3,1,3,3,8,0,0,-
Paul Stastny,WPG,C,71,95.133333333333,0,0,0,0,0,-,2,0.00,0.35,3,3,3,3,1,0,0,0,0,0,0,0,0,7,1,0,1,28,27,50.91
Sidney Crosby,PIT,C,69,8.5666666666667,0,0,0,0,0,-,0,-,0.0,0,0,0,0,0,0,0,0,0,0,0,0,0,0,0,0,0,5,4,55.56
Jack Johnson,COL,D,74,150.73333333333,0,1,0,1,1,100.00,2,0.00,0.0,2,2,0,0,0,0,0,0,0,0,0,3,4,2,7,3,16,0,0,-
Anze Kopitar,L.A,C,81,138.28333333333,0,1,0,1,1,50.00,5,0.00,0.46,7,7,4,2,0,0,0,0,0,0,0,1,5,2,4,1,0,78,84,48.15
Marc Staal,DET,D,71,157.55,0,0,0,0,0,0.00,5,0.00,0.06,5,5,0,0,1,0,4,2,2,0,0,0,3,3,10,0,13,0,0,-
T.J. Oshie,WSH,R,44,14.566666666667,0,1,1,0,1,inf,0,-,0.0,0,0,0,0,0,0,0,0,0,0,0,0,1,1,0,0,1,0,3,0.00
Andrew Cogliano,"COL, S.J",C,74,130.53333333333,1,1,1,0,2,100.00,8,12.50,0.62,8,8,6,3,0,0,2,1,1,0,0,4,3,5,2,2,1,1,3,25.00
Marc-Edouard Vlasic,S.J,D,75,63.2,0,0,0,0,0,0.00,2,0.00,0.0,2,2,0,0,0,0,0,0,0,0,0,0,2,2,0,1,3,0,0,-
Kris Letang,PIT,D,78,111.78333333333,0,0,0,0,0,0.00,2,0.00,0.09,3,3,0,0,0,0,0,0,0,0,0,1,5,4,10,1,9,0,0,-
Kris Russell,EDM,D,31,54.5,0,0,0,0,0,0.00,2,0.00,0.1,2,2,1,1,0,0,0,0,0,0,0,0,1,0,5,1,16,0,0,-
Keith Yandle,PHI,D,77,1.8,0,0,0,0,0,-,0,-,0.0,0,0,0,0,0,0,0,0,0,0,0,0,0,0,0,0,1,0,0,-
Darren Helm,COL,C,68,129.81666666667,1,1,1,0,2,50.00,14,7.14,1.07,19,16,10,2,2,0,0,0,0,0,0,1,1,8,4,0,12,40,57,41.24
Ryan Reaves,NYR,R,69,0.05,0,0,0,0,0,-,0,-,0.0,0,0,0,0,0,0,0,0,0,0,0,0,0,0,0,0,0,0,0,-
Anton Stralman,ARI,D,74,215.13333333333,0,0,0,0,0,-,1,0.00,0.01,2,2,0,0,1,0,0,0,0,0,0,2,3,4,10,3,18,0,0,-
Patric Hornqvist,FLA,R,65,0.26666666666667,0,0,0,0,0,-,0,-,0.0,0,0,0,0,0,0,0,0,0,0,0,0,0,0,0,0,0,0,0,-
Andy Greene,NYI,D,69,117.51666666667,0,0,0,0,0,0.00,3,0.00,0.2,4,4,2,0,1,0,0,0,0,0,0,1,6,3,2,4,12,0,0,-
Alex Biega,TOR,D,2,0.65,0,0,0,0,0,-,0,-,0.0,0,0,0,0,0,0,0,0,0,0,0,0,0,0,0,0,0,0,0,-
Brad Marchand,BOS,L,70,115.98333333333,2,0,0,0,2,66.67,9,22.22,1.32,14,12,9,6,2,0,2,1,1,0,0,0,3,8,6,5,4,1,1,50.00
Nick Foligno,BOS,L,64,25.183333333333,0,0,0,0,0,-,2,0.00,0.14,2,2,2,0,0,0,0,0,0,0,0,0,1,1,1,0,2,2,3,40.00
Erik Johnson,COL,D,77,199.01666666667,1,1,0,1,2,66.67,10,10.00,0.4,14,11,6,2,0,0,2,1,1,0,0,0,4,7,35,3,36,0,0,-
Kyle Okposo,BUF,R,74,104.6,2,0,0,0,2,100.00,13,15.38,0.85,16,14,8,2,2,1,2,1,1,0,0,1,1,2,1,2,4,20,21,48.78
Trevor Lewis,CGY,C,80,136.68333333333,1,0,0,0,1,100.00,5,20.00,0.47,8,8,4,2,1,0,0,0,0,0,0,3,0,3,9,4,5,19,29,39.58
Milan Lucic,CGY,L,82,0.61666666666667,0,0,0,0,0,-,0,-,0.0,0,0,0,0,0,0,0,0,0,0,0,0,0,0,0,0,0,0,0,-
Cal Clutterbuck,NYI,R,59,116.5,1,0,0,0,1,100.00,7,14.29,0.83,11,10,9,4,3,0,2,1,1,0,0,0,2,3,10,5,6,0,1,0.00
Jeff Petry,MTL,D,68,158.66666666667,0,1,0,1,1,25.00,9,0.00,0.06,10,10,1,0,0,0,2,1,1,0,0,3,7,1,11,1,21,0,0,-
Claude Giroux,"FLA, PHI","C, R",75,61.05,0,0,0,0,0,0.00,6,0.00,0.48,7,7,3,2,1,0,0,0,0,0,0,0,2,2,2,0,2,97,52,65.10
Jordan Staal,CAR,C,78,172.8,0,0,0,0,0,-,13,0.00,1.04,17,16,10,7,2,1,0,0,0,0,0,4,7,10,3,1,2,76,72,51.35
Derick Brassard,"EDM, PHI",C,46,1.0666666666667,0,0,0,0,0,-,0,-,0.0,0,0,0,0,0,0,0,0,0,0,0,0,0,0,0,0,0,0,1,0.00
Phil Kessel,ARI,"C, R",82,2.0833333333333,0,0,0,0,0,-,0,-,0.0,0,0,0,0,0,0,0,0,0,0,0,0,0,0,0,0,0,0,0,-
Nicklas Backstrom,WSH,C,47,5.1833333333333,0,0,0,0,0,-,0,-,0.0,0,0,0,0,0,0,0,0,0,0,0,0,0,1,0,0,0,1,9,10.00
Jonathan Toews,CHI,C,71,97.7,1,0,0,0,1,100.00,6,16.67,0.31,7,6,4,2,3,0,4,2,2,0,0,1,2,6,2,2,5,99,95,51.03
Mathieu Perreault,MTL,C,25,0.76666666666667,0,0,0,0,0,-,0,-,0.0,0,0,0,0,0,0,0,0,0,0,0,0,0,0,0,0,0,0,0,-
Alex Killorn,T.B,"C, L",82,144.45,0,0,0,0,0,-,10,0.00,1.26,15,11,10,7,2,1,2,1,1,0,0,1,2,14,9,6,3,0,5,0.00
Jamie Benn,DAL,L,82,62.166666666667,1,0,0,0,1,100.00,1,100.00,0.21,1,1,1,1,0,0,2,1,1,0,0,1,1,3,1,0,3,20,23,46.51
Nick Bonino,S.J,C,80,129.38333333333,1,0,0,0,1,100.00,8,12.50,0.4,13,12,2,0,0,0,0,0,0,0,0,0,2,8,0,0,2,34,49,40.96
Ian Cole,CAR,D,75,188.15,0,1,0,1,1,33.33,1,0.00,0.0,1,1,0,0,0,0,2,1,1,0,0,2,7,4,6,6,22,0,0,-
Justin Braun,"NYR, PHI",D,69,148.4,0,0,0,0,0,0.00,2,0.00,0.0,3,2,0,0,0,0,2,1,1,0,0,0,6,3,4,0,22,0,0,-
Kevin Shattenkirk,ANA,D,82,178.86666666667,0,0,0,0,0,0.00,5,0.00,0.01,6,6,0,0,0,0,0,0,0,0,0,2,6,8,1,1,26,0,1,0.00
Pat Maroon,T.B,L,81,1.4166666666667,0,0,0,0,0,-,0,-,0.0,0,0,0,0,0,0,2,1,1,0,0,1,0,0,0,0,0,0,0,-
James van Riemsdyk,PHI,L,82,0.83333333333333,0,0,0,0,0,-,0,-,0.0,0,0,0,0,0,0,0,0,0,0,0,0,0,0,0,0,0,0,0,-
Paul Byron,MTL,L,27,38.366666666667,0,0,0,0,0,-,4,0.00,0.42,4,4,3,1,0,0,0,0,0,0,0,0,2,1,3,0,0,3,9,25.00
Sam Gagner,DET,C,81,191.2,1,0,0,0,1,50.00,19,5.26,1.36,24,22,11,5,1,2,4,2,2,0,0,0,2,4,4,3,10,36,70,33.96
Logan Couture,S.J,C,77,146.33333333333,2,1,1,0,3,100.00,22,9.09,1.44,24,22,13,7,6,0,4,2,2,0,0,4,1,10,4,2,6,83,106,43.92
P.K. Subban,N.J,D,77,67.816666666667,0,1,0,1,1,50.00,1,0.00,0.06,3,2,0,0,0,0,0,0,0,0,0,0,4,1,1,1,2,0,0,-
Riley Nash,"ARI, T.B, WPG",C,49,74.066666666667,0,0,0,0,0,0.00,2,0.00,0.25,4,3,3,2,0,0,0,0,0,0,0,0,0,0,0,1,3,43,51,45.74
Thomas Hickey,NYI,D,2,6.0,0,0,0,0,0,-,0,-,0.0,0,0,0,0,0,0,0,0,0,0,0,0,0,0,0,0,1,0,0,-
Brad Malone,EDM,C,8,10.5,0,0,0,0,0,-,0,-,0.0,0,0,0,0,0,0,0,0,0,0,0,0,0,0,0,0,0,1,3,25.00
Brendan Smith,CAR,D,45,48.95,0,0,0,0,0,0.00,1,0.00,0.0,2,1,1,0,0,0,2,1,1,0,0,0,1,1,4,1,5,0,0,-
Colton Sceviour,EDM,C,35,54.316666666667,0,1,1,0,1,100.00,6,0.00,0.63,8,7,4,1,0,0,0,0,0,0,0,1,0,0,1,0,4,6,4,60.00
David Perron,STL,L,67,0.96666666666667,0,0,0,0,0,0.00,0,-,0.0,0,0,0,0,0,0,0,0,0,0,0,0,0,0,0,0,0,0,0,-
Patrick Kane,CHI,R,78,2.6833333333333,0,0,0,0,0,-,0,-,0.0,2,0,1,0,0,0,0,0,0,0,0,0,0,0,0,0,0,0,0,-
Robert Bortuzzo,STL,D,73,155.55,0,0,0,0,0,0.00,1,0.00,0.0,1,1,0,0,1,0,2,1,1,0,0,2,6,1,9,2,20,0,0,-
Evgenii Dadonov,VGK,R,78,0.45,0,0,0,0,0,-,0,-,0.0,0,0,0,0,0,0,0,0,0,0,0,0,0,0,0,0,0,0,0,-
Mikael Backlund,CGY,C,82,165.73333333333,0,0,0,0,0,-,24,0.00,2.54,36,31,23,10,5,2,0,0,0,0,0,1,3,10,1,1,4,64,82,43.84
Ryan McDonagh,T.B,D,71,228.3,0,0,0,0,0,0.00,2,0.00,0.0,2,2,0,0,1,0,2,1,1,0,0,1,0,5,11,0,18,0,1,0.00
Max Pacioretty,VGK,L,39,0.38333333333333,0,0,0,0,0,-,0,-,0.0,0,0,0,0,0,0,0,0,0,0,0,0,0,0,0,0,0,0,0,-
Jakub Voracek,CBJ,R,79,1.7,0,0,0,0,0,-,1,0.00,0.09,1,1,1,1,1,0,0,0,0,0,0,0,0,0,0,0,0,0,0,-
Jake Muzzin,TOR,D,47,122.21666666667,0,1,1,0,1,50.00,4,0.00,0.18,6,6,3,1,1,0,0,0,0,0,0,0,7,3,4,3,9,0,0,-
Alec Martinez,VGK,D,26,31.433333333333,0,0,0,0,0,-,2,0.00,0.0,2,2,0,0,1,0,0,0,0,0,0,0,1,2,1,1,4,0,0,-
Carl Hagelin,WSH,L,53,100.75,0,1,1,0,1,50.00,5,0.00,0.33,8,6,3,1,1,0,2,1,1,0,0,1,1,5,2,1,2,1,2,33.33
Lars Eller,WSH,C,72,119.03333333333,0,0,0,0,0,0.00,8,0.00,1.48,14,12,11,7,4,2,0,0,0,0,0,3,2,7,4,2,5,65,86,43.05
Wayne Simmonds,TOR,R,72,0.6,0,0,0,0,0,-,1,0.00,0.09,1,1,0,0,0,0,0,0,0,0,0,0,0,0,0,0,0,0,0,-
Nick Holden,OTT,D,76,243.31666666667,0,0,0,0,0,0.00,6,0.00,0.04,9,7,1,0,1,0,0,0,0,0,0,1,7,3,10,5,22,0,1,0.00
Jay Beagle,ARI,C,33,67.15,0,0,0,0,0,-,3,0.00,0.17,3,3,2,1,1,0,0,0,0,0,0,0,1,2,0,1,3,45,43,51.14
Drew Doughty,L.A,D,39,78.366666666667,0,0,0,0,0,0.00,4,0.00,0.0,4,4,0,0,1,0,0,0,0,0,0,0,2,0,2,1,7,0,0,-
Steven Stamkos,T.B,C,81,32.516666666667,0,0,0,0,0,-,0,-,0.04,1,1,1,0,0,0,4,2,2,0,0,0,0,1,0,0,2,46,40,53.49
Alex Pietrangelo,VGK,D,80,197.03333333333,1,3,0,3,4,80.00,11,9.09,0.32,14,12,4,0,0,0,4,2,2,0,0,0,5,10,5,2,28,0,0,-
Zach Bogosian,T.B,D,48,19.933333333333,0,0,0,0,0,-,1,0.00,0.0,2,1,1,0,1,0,0,0,0,0,0,0,1,1,1,0,1,0,0,-
Luke Schenn,VAN,D,66,123.88333333333,1,0,0,0,1,50.00,2,50.00,0.93,3,3,1,0,0,0,0,0,0,0,0,0,3,2,16,3,22,0,0,-
Josh Bailey,NYI,"C, R",74,80.5,0,0,0,0,0,0.00,3,0.00,0.28,4,4,2,2,0,0,0,0,0,0,0,0,0,5,0,1,2,3,1,75.00
Tyler Myers,VAN,D,82,202.96666666667,0,0,0,0,0,0.00,2,0.00,0.35,4,2,2,0,0,0,0,0,0,0,0,0,6,6,18,3,24,0,0,-
Erik Karlsson,S.J,D,50,74.616666666667,0,0,0,0,0,-,1,0.00,0.03,2,2,0,0,0,0,0,0,0,0,0,1,3,3,1,0,0,0,0,-
Michael Del Zotto,OTT,D,26,11.716666666667,0,0,0,0,0,-,0,-,0.0,0,0,0,0,0,0,0,0,0,0,0,0,0,0,2,0,0,0,0,-
Jordan Eberle,SEA,"C, R",79,1.1,0,0,0,0,0,-,0,-,0.0,0,0,0,0,0,0,0,0,0,0,0,0,0,2,0,1,0,0,0,-
Tyler Ennis,OTT,"C, R",57,1.0166666666667,0,0,0,0,0,-,0,-,0.0,0,0,0,0,0,0,0,0,0,0,0,0,0,0,0,0,0,0,0,-
John Carlson,WSH,D,78,135.08333333333,0,3,1,2,3,60.00,2,0.00,0.14,6,5,1,0,0,1,2,1,1,0,0,0,4,5,4,0,10,0,0,-
Roman Josi,NSH,D,80,58.333333333333,0,0,0,0,0,-,4,0.00,0.22,5,5,1,1,0,0,2,1,1,0,0,0,1,1,1,0,9,0,0,-
Justin Schultz,WSH,D,74,3.2166666666667,0,0,0,0,0,-,0,-,0.0,0,0,0,0,0,0,0,0,0,0,0,0,0,0,0,0,0,0,0,-
Travis Hamonic,"OTT, VAN",D,43,81.95,0,0,0,0,0,0.00,4,0.00,0.12,6,5,2,0,0,0,0,0,0,0,0,1,2,1,2,1,11,0,0,-
Derek Stepan,CAR,C,58,57.833333333333,0,0,0,0,0,-,6,0.00,0.36,7,6,4,3,1,0,0,0,0,0,0,0,2,5,1,0,0,42,22,65.63
Marco Scandella,STL,D,70,154.83333333333,0,2,1,1,2,100.00,7,0.00,0.04,9,8,1,0,3,0,0,0,0,0,0,1,4,1,9,2,20,0,0,-
Michael Stone,CGY,D,11,10.666666666667,0,0,0,0,0,-,0,-,0.0,0,0,0,0,0,0,0,0,0,0,0,0,0,0,1,1,0,0,0,-
Adam Henrique,ANA,C,58,6.6166666666667,0,0,0,0,0,-,1,0.00,0.09,1,1,1,0,0,0,0,0,0,0,0,0,0,0,0,0,0,4,5,44.44
TJ Brodie,TOR,D,82,186.66666666667,0,2,0,2,2,28.57,2,0.00,0.01,3,3,0,0,0,0,6,3,3,0,0,1,6,3,7,4,11,0,0,-
Gustav Nyquist,CBJ,C,82,145.66666666667,4,0,0,0,4,80.00,16,25.00,1.64,22,21,15,5,3,0,2,1,1,0,0,4,0,7,5,2,8,3,2,60.00
Derek Grant,ANA,C,71,168.31666666667,1,1,1,0,2,100.00,12,8.33,1.12,16,14,7,6,1,0,0,0,0,0,0,1,2,8,2,2,8,80,95,45.71
Greg Pateryn,ANA,D,10,24.533333333333,0,0,0,0,0,0.00,2,0.00,0.09,2,2,1,0,0,1,0,0,0,0,0,0,0,0,1,0,1,0,0,-
Mark Borowiecki,NSH,D,57,103.5,0,0,0,0,0,-,2,0.00,0.02,2,2,0,0,0,0,7,2,1,1,0,2,1,2,13,0,16,0,0,-
Matt Martin,NYI,L,71,1.5333333333333,0,0,0,0,0,-,1,0.00,0.06,1,1,1,0,0,0,0,0,0,0,0,0,0,0,0,0,0,0,0,-
Cam Atkinson,PHI,R,73,127.7,3,0,0,0,3,75.00,17,17.65,1.66,22,21,15,6,5,1,2,1,1,0,0,0,4,6,0,0,7,1,4,20.00
Jared Spurgeon,MIN,D,65,129.88333333333,0,0,0,0,0,0.00,0,-,0.0,1,1,0,0,0,0,0,0,0,0,0,0,2,1,5,0,11,0,0,-
Jordie Benn,MIN,D,39,33.533333333333,0,0,0,0,0,-,1,0.00,0.0,1,1,0,0,0,0,0,0,0,0,0,0,1,0,4,0,3,0,0,-
Antoine Roussel,ARI,L,53,91.466666666667,0,0,0,0,0,-,3,0.00,0.28,6,5,2,2,0,0,2,1,1,0,0,0,2,1,5,3,9,5,8,38.46
Tyler Johnson,CHI,C,26,2.3333333333333,0,0,0,0,0,-,0,-,0.0,0,0,0,0,0,0,0,0,0,0,0,0,0,0,0,0,0,0,0,-
Mike Hoffman,MTL,C,67,1.6666666666667,0,0,0,0,0,0.00,0,-,0.0,0,0,0,0,0,0,0,0,0,0,0,0,0,0,0,0,0,0,0,-
Tyler Bozak,STL,C,50,67.2,1,1,1,0,2,66.67,5,20.00,0.19,6,5,1,0,1,0,0,0,0,0,0,0,4,6,0,0,6,14,27,34.15
Marcus Johansson,"SEA, WSH",L,69,1.7166666666667,0,0,0,0,0,-,0,-,0.0,0,0,0,0,0,0,0,0,0,0,0,0,0,0,0,0,0,0,0,-
Kyle Palmieri,NYI,"C, R",69,15.75,0,0,0,0,0,-,0,-,0.0,0,0,0,0,0,0,0,0,0,0,0,1,0,0,1,0,2,1,0,100.00
Ryan O'Reilly,STL,C,78,145.56666666667,0,1,1,0,1,100.00,11,0.00,1.04,13,12,7,5,3,1,0,0,0,0,0,2,2,4,1,3,6,130,104,55.56
Kyle Clifford,"STL, TOR",L,25,4.4833333333333,0,0,0,0,0,-,2,0.00,0.35,2,2,2,1,0,1,0,0,0,0,0,0,0,0,0,0,0,1,0,100.00
Alex Chiasson,VAN,R,67,0.28333333333333,0,0,0,0,0,-,0,-,0.0,0,0,0,0,0,0,0,0,0,0,0,0,0,0,0,0,0,1,0,100.00
Jakob Silfverberg,ANA,R,53,114.5,0,0,0,0,0,0.00,10,0.00,0.62,11,10,7,0,0,0,2,1,1,0,0,1,2,4,1,1,7,2,3,40.00
John Tavares,TOR,C,79,1.3833333333333,0,0,0,0,0,-,0,-,0.0,0,0,0,0,0,0,0,0,0,0,0,0,0,0,0,0,0,2,1,66.67
Victor Hedman,T.B,D,82,163.75,0,0,0,0,0,0.00,2,0.00,0.24,6,4,2,1,0,0,0,0,0,0,0,2,4,6,5,6,8,0,0,-
Matt Duchene,NSH,C,78,2.7666666666667,0,0,0,0,0,-,0,-,0.0,0,0,0,0,0,0,2,1,1,0,0,0,0,0,0,0,0,2,0,100.00
Evander Kane,EDM,L,43,17.0,2,1,1,0,3,75.00,3,66.67,0.34,3,3,2,2,1,0,2,1,1,0,0,1,0,0,0,0,0,0,0,-
Brayden Schenn,STL,C,62,30.266666666667,0,0,0,0,0,0.00,0,-,0.0,0,0,0,0,0,0,0,0,0,0,0,1,1,1,2,0,0,7,12,36.84
Oliver Ekman-Larsson,VAN,D,79,159.21666666667,0,0,0,0,0,0.00,9,0.00,0.14,14,12,1,0,2,0,6,3,3,0,0,2,1,3,5,4,15,0,0,-
Nazem Kadri,COL,C,71,33.65,0,0,0,0,0,-,2,0.00,0.26,3,2,2,0,0,0,0,0,0,0,0,2,0,1,2,0,0,25,31,44.64
Ryan Ellis,PHI,D,4,9.65,0,0,0,0,0,-,0,-,0.0,0,0,0,0,0,0,0,0,0,0,0,0,0,0,0,0,0,0,0,-
Calvin de Haan,CHI,D,69,111.08333333333,0,0,0,0,0,0.00,4,0.00,0.05,5,5,0,0,2,0,0,0,0,0,0,0,9,2,12,1,23,0,0,-
Zack Kassian,EDM,R,58,2.2833333333333,0,0,0,0,0,-,0,-,0.0,0,0,0,0,0,0,10,1,0,0,1,0,0,0,0,0,0,0,0,-
Dmitry Kulikov,MIN,D,80,154.41666666667,0,0,0,0,0,-,5,0.00,0.15,6,5,2,1,0,0,0,0,0,0,0,2,2,0,3,2,17,0,0,-
Nick Leddy,"DET, STL",D,75,27.166666666667,0,0,0,0,0,-,0,-,0.0,0,0,0,0,0,0,0,0,0,0,0,0,1,1,2,0,1,0,0,-
Chris Kreider,NYR,L,81,120.36666666667,3,0,0,0,3,100.00,11,27.27,1.17,16,13,8,5,2,2,0,0,0,0,0,0,2,7,4,2,6,3,3,50.00
John Moore,BOS,D,7,18.316666666667,0,1,1,0,1,100.00,1,0.00,0.1,1,1,1,0,0,1,0,0,0,0,0,0,0,0,0,1,3,0,0,-
Brayden McNabb,VGK,D,69,181.48333333333,0,1,1,0,1,25.00,2,0.00,0.0,2,2,0,0,0,0,4,2,2,0,0,2,1,2,13,6,43,0,0,-
Reilly Smith,VGK,R,56,98.85,2,2,2,0,4,100.00,10,20.00,1.31,13,12,8,5,4,0,0,0,0,0,0,1,3,4,7,2,4,2,2,50.00
Tomas Tatar,N.J,L,76,1.1666666666667,0,0,0,0,0,-,0,-,0.0,0,0,0,0,0,0,0,0,0,0,0,0,0,0,0,0,0,0,0,-
Tyson Barrie,EDM,D,73,29.316666666667,0,1,1,0,1,100.00,0,-,0.0,1,0,0,0,1,0,0,0,0,0,0,0,1,2,0,0,2,0,0,-
Dmitry Orlov,WSH,D,76,57.15,0,0,0,0,0,0.00,1,0.00,0.06,1,1,1,0,0,0,2,1,1,0,0,0,3,0,3,2,4,0,0,-
Brian Dumoulin,PIT,D,76,181.45,0,0,0,0,0,0.00,9,0.00,0.21,10,9,2,1,1,0,4,2,2,0,0,0,5,4,10,3,19,0,0,-
Mattias Ekholm,NSH,D,76,249.45,0,1,1,0,1,50.00,4,0.00,0.03,6,4,1,0,0,0,6,3,3,0,0,4,9,3,13,3,29,0,0,-
Marcus Foligno,MIN,L,74,137.7,0,0,0,0,0,-,5,0.00,0.19,5,5,1,0,0,0,0,0,0,0,0,1,2,6,7,1,7,5,1,83.33
Craig Smith,BOS,C,74,2.9666666666667,0,0,0,0,0,-,0,-,0.0,0,0,0,0,0,0,0,0,0,0,0,0,0,0,0,0,0,0,0,-
Chris Wideman,MTL,D,64,3.0833333333333,0,0,0,0,0,-,0,-,0.0,0,0,0,0,0,0,5,1,0,1,0,1,0,0,0,0,0,0,0,-
Casey Cizikas,NYI,C,74,135.81666666667,1,0,0,0,1,100.00,13,7.69,1.38,17,15,12,5,3,0,2,1,1,0,0,4,3,8,2,4,10,72,92,43.90
David Savard,MTL,D,62,173.55,0,1,1,0,1,100.00,5,0.00,0.46,6,6,4,3,2,0,2,1,1,0,0,0,8,0,12,1,22,0,0,-
Nicolas Deslauriers,"ANA, MIN",L,81,97.666666666667,1,0,0,0,1,100.00,3,33.33,0.78,5,4,1,1,0,0,4,2,2,0,0,2,4,1,2,2,8,0,0,-
Cody Eakin,BUF,C,69,87.666666666667,0,1,1,0,1,100.00,9,0.00,0.11,9,9,0,0,2,0,2,1,1,0,0,0,0,3,0,0,2,51,49,51.00
Kevin Connauton,"FLA, PHI",D,39,18.733333333333,0,0,0,0,0,-,0,-,0.0,0,0,0,0,0,0,0,0,0,0,0,0,1,0,1,0,3,0,0,-
Ben Chiarot,"FLA, MTL",D,74,220.15,0,1,1,0,1,33.33,11,0.00,0.13,13,12,2,0,2,0,2,1,1,0,0,0,11,2,18,3,16,0,0,-
Erik Haula,BOS,L,78,58.75,0,0,0,0,0,-,2,0.00,0.68,5,5,4,4,2,0,2,1,1,0,0,3,1,4,0,0,3,12,10,54.55
Anders Lee,NYI,"C, L",76,0.78333333333333,0,0,0,0,0,-,0,-,0.0,0,0,0,0,0,0,0,0,0,0,0,0,0,0,0,0,0,0,0,-
Nick Jensen,WSH,D,76,193.8,0,0,0,0,0,0.00,4,0.00,0.04,4,4,0,0,0,0,0,0,0,0,0,1,8,2,21,5,20,0,0,-
Nic Dowd,WSH,C,64,124.78333333333,1,0,0,0,1,100.00,6,16.67,0.65,10,9,4,2,2,0,6,2,2,0,0,0,3,6,4,1,9,67,80,45.58
Justin Dowling,VAN,C,22,7.6333333333333,0,0,0,0,0,-,1,0.00,0.02,1,1,0,0,0,1,0,0,0,0,0,0,0,0,0,0,0,0,0,-
Brenden Dillon,WPG,D,79,139.53333333333,0,0,0,0,0,0.00,7,0.00,0.61,8,8,5,2,1,0,0,0,0,0,0,0,12,2,19,3,15,0,0,-
Radko Gudas,FLA,D,77,160.55,1,0,0,0,1,20.00,6,16.67,0.02,8,7,0,0,2,0,0,0,0,0,0,2,3,6,26,6,19,0,0,-
Matt Irwin,WSH,D,17,9.6833333333333,0,0,0,0,0,-,0,-,0.0,0,0,0,0,0,0,0,0,0,0,0,0,0,0,1,1,2,0,0,-
Christopher Tanev,CGY,D,82,241.53333333333,0,0,0,0,0,0.00,5,0.00,0.06,5,5,0,0,0,0,2,1,1,0,0,1,8,6,5,5,39,0,0,-
Mats Zuccarello,MIN,"C, R",70,6.15,0,0,0,0,0,-,0,-,0.0,0,0,0,0,0,0,0,0,0,0,0,0,0,0,0,0,0,0,0,-
Calle Jarnkrok,"CGY, SEA",C,66,72.4,0,0,0,0,0,-,3,0.00,0.35,5,4,3,1,1,0,0,0,0,0,0,0,1,2,0,1,3,26,31,45.61
Justin Holl,TOR,D,69,169.78333333333,1,2,0,2,3,42.86,1,100.00,0.07,1,1,1,0,0,0,0,0,0,0,0,1,6,4,9,8,22,0,0,-
Jason Zucker,PIT,L,41,1.8833333333333,0,0,0,0,0,-,0,-,0.0,0,0,0,0,0,0,0,0,0,0,0,0,0,0,0,0,0,0,1,0.00
Tyler Toffoli,"CGY, MTL","C, R",74,80.966666666667,2,1,1,0,3,75.00,9,22.22,1.61,17,13,8,2,3,1,6,3,3,0,0,1,2,5,3,2,1,1,3,25.00
Johan Larsson,"ARI, WSH",L,43,62.6,0,0,0,0,0,-,1,0.00,0.08,4,2,0,0,0,0,9,3,2,1,0,4,1,1,1,4,8,20,30,40.00
Greg McKegg,NYR,C,43,50.833333333333,0,1,1,0,1,100.00,1,0.00,0.06,1,1,1,1,0,0,0,0,0,0,0,0,2,2,1,1,4,3,9,25.00
Evgeny Kuznetsov,WSH,C,79,89.116666666667,3,2,1,1,5,83.33,4,75.00,0.71,5,5,2,1,1,0,2,1,1,0,0,2,1,7,0,2,4,24,35,40.68
Charlie Coyle,BOS,C,82,134.28333333333,0,1,0,1,1,100.00,5,0.00,0.41,8,7,4,2,1,0,2,1,1,0,0,0,2,9,2,0,7,22,54,28.95
Patrik Nemeth,NYR,D,63,98.583333333333,0,0,0,0,0,0.00,0,-,0.0,0,0,0,0,0,0,2,1,1,0,0,0,1,2,14,3,19,0,0,-
Jon Merrill,MIN,D,69,133.88333333333,0,0,0,0,0,-,2,0.00,0.02,2,2,0,0,0,0,0,0,0,0,0,0,2,0,2,3,20,0,0,-
Tyler Pitlick,"CGY, MTL",C,39,20.316666666667,0,0,0,0,0,-,2,0.00,0.38,3,3,2,2,1,0,0,0,0,0,0,0,0,3,1,0,3,0,0,-
Justin Faulk,STL,D,76,134.66666666667,0,0,0,0,0,0.00,5,0.00,0.03,5,5,0,0,1,0,2,1,1,0,0,1,6,2,8,3,12,0,0,-
Brock Nelson,NYI,C,72,51.783333333333,0,0,0,0,0,-,4,0.00,0.49,8,7,6,3,0,2,0,0,0,0,0,0,1,2,1,0,1,8,24,25.00
Nick Bjugstad,MIN,C,57,2.6333333333333,0,0,0,0,0,-,0,-,0.0,0,0,0,0,0,0,0,0,0,0,0,0,0,0,0,0,1,2,0,100.00
Derek Forbort,BOS,D,76,234.01666666667,0,1,1,0,1,33.33,3,0.00,0.13,3,3,1,1,0,1,2,1,1,0,0,1,5,1,25,5,37,0,0,-
Kevin Hayes,PHI,"C, R",48,43.466666666667,0,1,1,0,1,100.00,4,0.00,0.29,4,4,3,0,0,0,2,1,1,0,0,0,0,2,1,0,0,14,16,46.67
Cam Fowler,ANA,D,76,216.55,0,0,0,0,0,0.00,7,0.00,0.12,9,9,1,0,1,0,0,0,0,0,0,1,5,6,2,1,22,0,0,-
Vladimir Tarasenko,STL,R,75,3.3333333333333,0,1,0,1,1,100.00,1,0.00,0.02,1,1,1,0,0,1,0,0,0,0,0,0,0,0,0,0,0,0,0,-
Austin Watson,OTT,L,67,97.483333333333,1,0,0,0,1,100.00,3,33.33,0.26,5,5,3,1,0,0,4,2,2,0,0,2,0,4,5,0,8,2,3,40.00
Jaden Schwartz,SEA,C,37,5.6,0,0,0,0,0,-,0,-,0.0,0,0,0,0,0,0,0,0,0,0,0,1,0,1,0,0,0,0,1,0.00
Riley Sheahan,SEA,C,69,144.96666666667,0,2,1,1,2,66.67,5,0.00,0.48,9,7,4,2,0,1,0,0,0,0,0,1,3,4,0,0,6,75,112,40.11
Chris Wagner,BOS,R,1,2.1166666666667,0,0,0,0,0,-,0,-,0.0,0,0,0,0,0,0,0,0,0,0,0,0,0,0,0,0,0,0,1,0.00
Jeff Skinner,BUF,L,80,1.0833333333333,0,0,0,0,0,-,0,-,0.0,0,0,0,0,0,0,0,0,0,0,0,0,0,0,0,0,1,0,1,0.00
Zach Hyman,EDM,"C, L",76,136.56666666667,1,3,2,1,4,100.00,9,11.11,1.04,20,18,10,4,1,1,6,3,3,0,0,2,2,5,1,2,4,12,21,36.36
Erik Gudbranson,CGY,D,78,225.81666666667,0,0,0,0,0,0.00,7,0.00,0.05,9,9,1,0,1,0,13,4,3,1,0,3,9,3,8,2,28,0,0,-
Taylor Hall,BOS,L,81,1.7833333333333,0,0,0,0,0,-,0,-,0.0,0,0,0,0,0,0,0,0,0,0,0,0,0,0,0,0,0,0,0,-
Brett Connolly,CHI,R,9,0.68333333333333,0,0,0,0,0,-,1,0.00,0.13,2,1,2,0,0,0,0,0,0,0,0,0,0,0,0,0,0,0,0,-
Ryan Johansen,NSH,C,79,16.683333333333,0,0,0,0,0,-,0,-,0.0,1,1,0,0,0,0,0,0,0,0,0,0,0,1,0,0,2,25,9,73.53
Tyler Seguin,DAL,C,81,15.3,0,0,0,0,0,-,0,-,0.0,0,0,0,0,0,0,0,0,0,0,0,0,0,0,0,0,0,21,21,50.00
Mark Pysyk,BUF,D,68,137.91666666667,0,0,0,0,0,-,0,-,0.0,0,0,0,0,0,0,0,0,0,0,0,0,3,1,2,1,16,0,0,-
Jarred Tinordi,NYR,D,7,0.63333333333333,0,0,0,0,0,-,0,-,0.0,0,0,0,0,0,0,0,0,0,0,0,0,0,0,0,0,1,0,0,-
Mikael Granlund,NSH,C,80,151.03333333333,0,0,0,0,0,-,6,0.00,0.32,8,6,6,0,0,0,2,1,1,0,0,3,3,10,0,4,7,45,74,37.82
Nino Niederreiter,CAR,R,75,1.4,0,0,0,0,0,-,0,-,0.0,0,0,0,0,0,0,0,0,0,0,0,0,0,0,0,0,0,0,0,-
Bryan Rust,PIT,R,60,46.633333333333,0,0,0,0,0,-,3,0.00,0.88,8,7,6,1,2,0,0,0,0,0,0,1,0,1,1,0,4,1,0,100.00
Joonas Donskoi,SEA,R,75,150.7,0,1,1,0,1,50.00,10,0.00,0.67,12,10,8,4,1,0,0,0,0,0,0,2,0,9,2,3,11,0,3,0.00
Jani Hakanpaa,DAL,D,80,182.63333333333,0,1,0,1,1,50.00,5,0.00,0.07,7,6,1,0,0,0,0,0,0,0,0,1,8,2,38,9,28,0,0,-
Sam Carrick,ANA,C,64,52.333333333333,0,0,0,0,0,-,3,0.00,0.28,4,4,2,2,1,1,0,0,0,0,0,1,1,1,4,0,1,19,25,43.18
Brendan Gallagher,MTL,R,56,2.6166666666667,0,0,0,0,0,-,0,-,0.0,0,0,0,0,0,0,0,0,0,0,0,0,0,0,0,0,0,0,0,-
Jesper Fast,CAR,R,82,130.0,0,1,1,0,1,100.00,5,0.00,0.36,6,6,3,3,0,0,0,0,0,0,0,1,3,1,4,1,4,2,3,40.00
John Klingberg,DAL,D,74,20.783333333333,0,0,0,0,0,-,0,-,0.0,0,0,0,0,0,0,0,0,0,0,0,0,1,0,1,0,0,0,0,-
Mark Stone,VGK,R,37,24.916666666667,0,1,1,0,1,50.00,1,0.00,0.18,2,2,2,2,1,0,0,0,0,0,0,0,2,3,0,1,0,0,0,-
Alex Belzile,MTL,R,11,5.05,0,0,0,0,0,-,1,0.00,0.03,1,1,0,0,0,0,0,0,0,0,0,0,0,0,0,1,0,0,0,-
Colin Blackwell,"SEA, TOR",C,58,56.483333333333,2,0,0,0,2,40.00,10,20.00,1.18,10,10,8,6,1,3,0,0,0,0,0,0,2,1,0,0,2,10,19,34.48
Matthew Peca,STL,C,5,0.68333333333333,0,0,0,0,0,-,0,-,0.0,0,0,0,0,0,0,0,0,0,0,0,0,0,0,0,0,0,0,0,-
Ryan Dzingel,"ARI, S.J",C,32,11.066666666667,0,0,0,0,0,-,1,0.00,0.0,1,1,0,0,0,0,0,0,0,0,0,0,0,0,0,0,0,0,3,0.00
Ondrej Palat,T.B,L,77,25.233333333333,0,1,1,0,1,100.00,1,0.00,0.04,1,1,1,1,0,0,0,0,0,0,0,1,1,1,5,0,0,0,0,-
Josh Manson,"ANA, COL",D,67,139.51666666667,0,0,0,0,0,-,3,0.00,0.11,4,3,1,1,1,0,9,3,2,1,0,2,5,4,21,6,13,0,0,-
Max McCormick,SEA,L,10,0.5,0,0,0,0,0,-,0,-,0.0,0,0,0,0,0,0,0,0,0,0,0,0,0,0,0,0,0,0,0,-
Josh Archibald,EDM,R,8,11.666666666667,0,0,0,0,0,-,1,0.00,0.05,1,1,1,0,0,0,0,0,0,0,0,0,0,0,0,0,2,0,1,0.00
Travis Boyd,ARI,C,74,46.583333333333,0,0,0,0,0,-,1,0.00,0.09,1,1,1,1,0,0,0,0,0,0,0,0,1,1,1,0,3,25,33,43.10
Dylan DeMelo,WPG,D,76,198.91666666667,1,1,0,1,2,66.67,2,50.00,0.59,4,4,2,0,0,0,2,1,1,0,0,3,7,3,3,10,18,0,0,-
Gregory Hofmann,CBJ,C,24,5.4666666666667,0,0,0,0,0,-,0,-,0.0,0,0,0,0,0,0,0,0,0,0,0,0,0,0,0,0,0,0,0,-
Johnny Gaudreau,CGY,L,82,5.55,0,0,0,0,0,-,0,-,0.0,0,0,0,0,0,0,0,0,0,0,0,0,0,0,0,0,0,0,0,-
Fredrik Claesson,T.B,D,9,2.4666666666667,0,0,0,0,0,-,0,-,0.0,0,0,0,0,0,0,0,0,0,0,0,0,0,0,0,0,0,0,0,-
Nick Seeler,PHI,D,43,33.833333333333,0,0,0,0,0,0.00,0,-,0.0,1,0,0,0,0,0,0,0,0,0,0,0,1,0,3,0,10,0,0,-
Sean Kuraly,CBJ,C,77,181.73333333333,0,1,0,1,1,33.33,12,0.00,0.78,18,15,7,2,4,0,4,2,2,0,0,1,0,10,13,6,7,91,140,39.39
Vincent Trocheck,CAR,C,81,143.13333333333,0,0,0,0,0,-,10,0.00,1.13,15,12,12,5,4,0,0,0,0,0,0,2,1,9,5,7,8,92,83,52.57
Adam Lowry,WPG,"C, L",79,183.35,3,2,2,0,5,71.43,14,21.43,1.43,18,16,11,7,1,1,0,0,0,0,0,3,5,8,13,2,8,88,120,42.31
Nick Cousins,NSH,C,68,2.75,0,0,0,0,0,-,0,-,0.0,0,0,0,0,0,0,0,0,0,0,0,0,0,0,0,0,0,0,0,-
Steven Fogarty,BOS,C,2,0.033333333333333,0,0,0,0,0,-,0,-,0.0,0,0,0,0,0,0,0,0,0,0,0,0,0,0,0,0,0,0,0,-
Blake Coleman,CGY,C,81,119.71666666667,1,1,1,0,2,66.67,12,8.33,1.06,18,15,9,4,3,0,2,1,1,0,0,3,3,7,1,1,4,0,3,0.00
Logan Shaw,OTT,R,17,18.683333333333,0,0,0,0,0,-,0,-,0.03,1,1,0,0,1,0,0,0,0,0,0,0,0,6,0,0,2,9,20,31.03
Andy Andreoff,NYI,C,6,0.21666666666667,0,0,0,0,0,-,0,-,0.0,0,0,0,0,0,0,0,0,0,0,0,0,0,0,0,0,0,0,0,-
Kyle Rau,MIN,C,5,2.0333333333333,0,0,0,0,0,-,0,-,0.0,0,0,0,0,0,0,0,0,0,0,0,0,0,0,0,0,0,0,0,-
Jean-Gabriel Pageau,NYI,C,77,147.58333333333,1,3,3,0,4,100.00,12,8.33,0.94,17,14,8,5,3,0,2,1,1,0,0,0,2,6,2,2,10,81,72,52.94
Mike Reilly,BOS,D,70,55.35,1,0,0,0,1,100.00,4,25.00,0.36,5,5,3,1,0,0,0,0,0,0,0,0,1,0,4,0,4,0,0,-
Rocco Grimaldi,NSH,R,7,11.95,0,0,0,0,0,-,0,-,0.0,0,0,0,0,0,0,0,0,0,0,0,0,0,1,0,0,0,2,0,100.00
Scott Mayfield,NYI,D,61,138.38333333333,0,1,0,1,1,100.00,2,0.00,0.0,2,2,0,0,0,0,12,2,1,0,1,1,2,5,6,0,32,0,0,-
Boone Jenner,CBJ,C,59,94.666666666667,0,0,0,0,0,-,8,0.00,0.79,13,11,8,3,1,0,2,1,1,0,0,2,0,5,1,1,6,64,61,51.20
Dmitrij Jaskin,ARI,R,12,0.033333333333333,0,0,0,0,0,-,0,-,0.0,0,0,0,0,0,0,0,0,0,0,0,0,0,0,0,0,0,0,0,-
Victor Rask,"MIN, SEA",C,47,2.0333333333333,0,0,0,0,0,-,0,-,0.0,0,0,0,0,0,0,0,0,0,0,0,0,0,0,0,0,0,0,0,-
Brandon Saad,STL,L,78,77.45,1,2,2,0,3,100.00,11,9.09,1.03,13,12,10,4,2,0,2,1,1,0,0,1,3,7,3,0,2,0,1,0.00
Joel Edmundson,MTL,D,24,58.333333333333,0,0,0,0,0,0.00,3,0.00,0.0,3,3,0,0,1,0,2,1,1,0,0,1,1,1,4,2,12,0,0,-
Matt Nieto,S.J,L,70,122.81666666667,0,0,0,0,0,-,11,0.00,1.02,12,11,8,5,1,0,0,0,0,0,0,1,1,1,2,3,0,0,1,0.00
William Karlsson,VGK,C,67,102.45,2,0,0,0,2,66.67,4,50.00,0.82,7,7,4,4,1,0,0,0,0,0,0,1,1,4,3,2,8,52,73,41.60
Scott Harrington,CBJ,D,7,8.3,0,0,0,0,0,-,0,-,0.0,0,0,0,0,0,0,2,1,1,0,0,0,0,0,0,0,1,0,0,-
Nikita Kucherov,T.B,R,47,2.7333333333333,0,0,0,0,0,-,0,-,0.0,0,0,0,0,0,0,0,0,0,0,0,0,0,0,0,0,0,0,0,-
Ryan Nugent-Hopkins,EDM,C,63,127.26666666667,3,2,2,0,5,83.33,18,16.67,1.7,19,18,11,8,8,0,2,1,1,0,0,2,1,5,0,3,4,27,60,31.03
Gabriel Landeskog,COL,L,51,3.95,0,0,0,0,0,-,0,-,0.0,0,0,0,0,0,0,0,0,0,0,0,0,0,0,0,0,1,2,1,66.67
Jonathan Huberdeau,FLA,"C, L",80,146.2,3,2,2,0,5,71.43,14,21.43,1.97,15,15,11,10,5,1,2,1,1,0,0,2,3,18,6,4,7,2,1,66.67
Adam Larsson,SEA,D,82,208.31666666667,0,0,0,0,0,0.00,6,0.00,0.01,7,6,0,0,0,0,8,3,3,0,0,2,2,4,17,0,30,0,0,-
Ryan Strome,NYR,C,74,39.55,1,0,0,0,1,100.00,7,14.29,0.6,9,8,5,3,2,0,0,0,0,0,0,1,0,2,0,0,3,7,7,50.00
Mika Zibanejad,NYR,C,81,148.35,1,4,2,2,5,100.00,6,16.67,0.71,11,10,5,4,0,1,0,0,0,0,0,1,1,11,2,2,7,41,76,35.04
Mark Scheifele,WPG,C,67,5.65,0,0,0,0,0,-,0,-,0.0,0,0,0,0,0,0,0,0,0,0,0,0,0,0,0,0,0,4,7,36.36
Sean Couturier,PHI,C,29,61.233333333333,0,1,0,1,1,100.00,2,0.00,0.13,4,4,1,0,1,0,0,0,0,0,0,2,1,7,1,1,1,28,38,42.42
Dougie Hamilton,N.J,D,62,30.366666666667,0,0,0,0,0,-,2,0.00,0.11,4,2,1,0,0,1,2,1,1,0,0,0,2,1,2,1,1,0,0,-
Jonas Brodin,MIN,D,73,186.45,0,1,0,1,1,100.00,2,0.00,0.05,4,4,0,0,0,0,0,0,0,0,0,0,5,5,2,5,23,0,0,-
Jamie Oleksiak,SEA,D,72,127.28333333333,0,1,0,1,1,100.00,2,0.00,0.29,2,2,1,1,0,0,0,0,0,0,0,2,4,2,14,3,20,0,0,-
J.T. Miller,VAN,C,80,167.98333333333,0,2,1,1,2,50.00,10,0.00,1.71,14,13,7,5,1,1,6,3,3,0,0,3,7,18,9,2,9,102,119,46.15
Joel Armia,MTL,R,60,85.483333333333,1,0,0,0,1,100.00,6,16.67,0.49,6,6,2,1,1,0,0,0,0,0,0,1,6,7,7,2,3,0,2,0.00
Nathan Beaulieu,WPG,D,24,45.966666666667,0,1,0,1,1,inf,2,0.00,0.0,2,2,0,0,0,0,0,0,0,0,0,1,6,0,3,0,6,0,0,-
Connor Murphy,CHI,D,57,153.03333333333,0,0,0,0,0,-,4,0.00,0.0,4,4,0,0,0,0,2,1,1,0,0,1,5,3,7,6,23,0,0,-
Phillip Danault,L.A,"C, L",79,135.2,0,3,3,0,3,150.00,10,0.00,0.75,11,10,5,2,1,2,4,2,2,0,0,1,1,3,5,1,3,57,75,43.18
Vladislav Namestnikov,"DAL, DET",C,75,105.9,1,0,0,0,1,100.00,2,50.00,0.2,3,2,1,1,0,0,2,1,1,0,0,1,1,3,1,1,2,3,5,37.50
Rickard Rakell,"ANA, PIT","L, R",70,3.1,0,0,0,0,0,-,0,-,0.0,0,0,0,0,0,0,0,0,0,0,0,0,0,0,0,0,0,0,0,-
Colin Miller,BUF,D,38,42.066666666667,0,0,0,0,0,0.00,0,-,0.0,0,0,0,0,0,0,0,0,0,0,0,0,0,0,3,1,4,0,0,-
Jonathan Marchessault,VGK,C,76,0.76666666666667,0,0,0,0,0,-,0,-,0.0,0,0,0,0,0,0,0,0,0,0,0,0,0,0,0,0,0,0,0,-
Barclay Goodrow,NYR,C,79,182.78333333333,1,3,3,0,4,80.00,14,7.14,1.67,18,17,13,8,3,1,12,2,1,0,1,2,8,11,4,4,13,90,108,45.45
Brad Hunt,VAN,D,50,2.8833333333333,0,0,0,0,0,-,0,-,0.0,0,0,0,0,0,0,0,0,0,0,0,0,0,0,0,0,0,0,0,-
Torey Krug,STL,D,64,11.883333333333,1,0,0,0,1,100.00,1,100.00,0.06,1,1,1,1,0,0,0,0,0,0,0,0,1,0,0,0,0,0,0,-
Matt Tennyson,NSH,D,8,3.2,0,0,0,0,0,-,0,-,0.0,0,0,0,0,0,0,0,0,0,0,0,0,0,0,0,0,1,0,0,-
Luke Glendening,DAL,C,82,183.18333333333,0,2,2,0,2,100.00,15,0.00,2.01,24,20,20,9,5,4,0,0,0,0,0,5,1,6,3,0,10,80,79,50.31
Yanni Gourde,SEA,C,74,116.68333333333,1,3,3,0,4,100.00,3,33.33,0.61,8,5,5,3,2,0,7,2,1,1,0,4,0,8,10,4,2,35,40,46.67
Ryan Murray,COL,D,37,39.9,0,1,0,1,1,100.00,0,-,0.0,0,0,0,0,0,0,0,0,0,0,0,0,0,0,2,0,2,0,0,-
Alex Galchenyuk,ARI,C,60,0.35,0,0,0,0,0,-,0,-,0.0,0,0,0,0,0,0,0,0,0,0,0,0,0,0,0,0,0,0,0,-
Morgan Rielly,TOR,D,82,138.31666666667,0,3,3,0,3,75.00,6,0.00,0.14,10,8,2,1,1,0,0,0,0,0,0,1,9,5,5,4,8,0,0,-
Hampus Lindholm,"ANA, BOS",D,71,143.03333333333,0,1,1,0,1,20.00,6,0.00,0.25,8,8,1,1,0,0,0,0,0,0,0,1,1,3,7,4,15,0,0,-
Matt Dumba,MIN,D,57,115.36666666667,0,0,0,0,0,-,2,0.00,0.03,3,3,0,0,0,0,2,1,1,0,0,0,2,1,10,1,8,0,0,-
Brendan Gaunce,CBJ,C,30,0.083333333333333,0,0,0,0,0,-,0,-,0.0,0,0,0,0,0,0,0,0,0,0,0,0,0,0,0,0,0,0,0,-
Brady Skjei,CAR,D,82,203.75,0,0,0,0,0,0.00,9,0.00,0.35,9,9,2,0,0,0,4,2,2,0,0,0,9,6,6,4,11,0,0,-
Tanner Pearson,VAN,L,68,46.7,0,0,0,0,0,-,1,0.00,0.01,3,1,0,0,0,0,2,1,1,0,0,0,1,1,1,0,5,0,0,-
Scott Laughton,PHI,C,67,115.38333333333,2,0,0,0,2,100.00,7,28.57,0.81,9,9,5,4,1,0,4,2,2,0,0,2,3,4,1,2,6,27,64,29.67
Mark Jankowski,BUF,C,19,37.2,0,0,0,0,0,-,1,0.00,0.22,2,2,2,2,0,0,0,0,0,0,0,0,0,0,0,0,3,20,31,39.22
Olli Maatta,L.A,D,66,117.85,0,0,0,0,0,0.00,1,0.00,0.12,3,2,1,0,0,0,0,0,0,0,0,0,4,0,10,2,4,0,0,-
Mike Matheson,PIT,D,74,18.3,0,0,0,0,0,-,0,-,0.02,1,1,0,0,0,0,0,0,0,0,0,0,1,0,0,0,3,0,0,-
Zemgus Girgensons,BUF,L,56,81.466666666667,0,0,0,0,0,-,4,0.00,0.53,5,4,4,2,2,0,0,0,0,0,0,0,0,5,2,2,6,24,25,48.98
Cody Ceci,EDM,D,78,203.03333333333,0,3,0,3,3,75.00,4,0.00,0.03,4,4,0,0,1,0,2,1,1,0,0,1,2,2,14,3,28,0,0,-
Tom Wilson,WSH,R,78,125.95,2,1,1,0,3,60.00,8,25.00,1.47,17,11,11,5,4,0,4,2,2,0,0,3,4,5,13,6,14,5,2,71.43
Tomas Hertl,S.J,C,82,126.33333333333,0,1,1,0,1,100.00,13,0.00,1.2,19,17,11,6,4,1,4,2,2,0,0,3,2,17,4,5,4,52,69,42.98
Teuvo Teravainen,CAR,L,77,122.7,2,1,1,0,3,100.00,8,25.00,1.11,12,12,7,4,2,1,0,0,0,0,0,4,1,8,2,4,5,0,1,0.00
Derrick Pouliot,"SEA, VGK",D,11,1.3333333333333,0,0,0,0,0,-,0,-,0.0,0,0,0,0,0,0,0,0,0,0,0,0,0,0,0,0,0,0,0,-
Jacob Trouba,NYR,D,81,168.51666666667,0,2,1,1,2,50.00,8,0.00,0.59,10,10,5,2,0,0,0,0,0,0,0,3,3,2,21,2,23,0,0,-
Slater Koekkoek,EDM,D,19,5.45,0,0,0,0,0,0.00,0,-,0.0,0,0,0,0,0,0,0,0,0,0,0,0,0,0,0,0,1,0,0,-
Filip Forsberg,NSH,L,69,2.9333333333333,0,0,0,0,0,-,0,-,0.0,0,0,0,0,0,0,0,0,0,0,0,0,1,0,0,0,0,0,0,-
Radek Faksa,DAL,C,77,142.68333333333,1,1,1,0,2,66.67,2,50.00,0.29,3,2,3,2,1,0,0,0,0,0,0,1,2,7,4,4,10,44,40,52.38
Matt Grzelcyk,BOS,D,73,13.3,0,0,0,0,0,-,1,0.00,0.0,1,1,0,0,0,0,0,0,0,0,0,1,0,0,3,0,1,0,0,-
Colton Parayko,STL,D,80,160.78333333333,0,0,0,0,0,0.00,8,0.00,0.01,9,8,0,0,1,0,0,0,0,0,0,0,2,3,4,3,21,0,0,-
Oskar Sundqvist,"DET, STL",C,59,106.31666666667,0,0,0,0,0,-,6,0.00,0.48,6,6,2,2,2,0,0,0,0,0,0,2,2,2,3,4,5,3,17,15.00
Esa Lindell,DAL,D,76,201.65,1,2,0,2,3,100.00,9,11.11,0.39,10,10,2,0,1,0,0,0,0,0,0,3,6,3,5,4,27,0,1,0.00
Chandler Stephenson,VGK,C,79,122.16666666667,1,1,1,0,2,100.00,10,10.00,1.35,10,10,8,3,2,0,0,0,0,0,0,3,1,6,3,4,6,46,44,51.11
Shayne Gostisbehere,ARI,D,82,69.85,0,0,0,0,0,0.00,4,0.00,0.08,5,4,2,0,1,1,0,0,0,0,0,0,0,2,3,0,4,0,0,-
Devin Shore,EDM,C,49,57.133333333333,1,0,0,0,1,100.00,5,20.00,0.35,6,6,2,2,1,0,0,0,0,0,0,1,0,2,3,0,2,13,15,46.43
Jujhar Khaira,CHI,L,27,49.983333333333,0,0,0,0,0,-,1,0.00,0.06,1,1,1,0,0,0,0,0,0,0,0,1,1,0,2,3,0,7,11,38.89
Adam Pelech,NYI,D,78,177.63333333333,0,2,0,2,2,50.00,3,0.00,0.52,8,5,1,1,1,0,2,1,1,0,0,0,9,6,5,3,22,0,0,-
Jimmy Vesey,N.J,L,68,137.25,2,0,0,0,2,100.00,13,15.38,1.36,23,17,13,5,3,0,0,0,0,0,0,1,6,15,2,1,2,6,11,35.29
Chris Tierney,OTT,C,70,15.316666666667,0,0,0,0,0,-,2,0.00,0.04,3,2,1,0,0,0,0,0,0,0,0,0,1,1,0,0,1,7,11,38.89
Jordan Martinook,CAR,L,59,31.033333333333,0,0,0,0,0,-,5,0.00,0.79,6,5,4,4,0,2,2,1,1,0,0,0,1,1,0,0,0,2,1,66.67
Damon Severson,N.J,D,80,203.98333333333,0,1,1,0,1,25.00,7,0.00,0.07,8,8,1,0,4,0,6,3,3,0,0,2,4,8,8,3,9,0,0,-
Colton Sissons,NSH,C,79,230.98333333333,0,0,0,0,0,0.00,7,0.00,0.62,11,10,5,1,1,0,0,0,0,0,0,3,4,4,3,4,14,156,146,51.66
Teddy Blueger,PIT,C,65,146.25,1,1,1,0,2,100.00,12,8.33,1.47,14,13,11,6,5,1,0,0,0,0,0,2,3,9,2,0,10,64,66,49.23
Jake McCabe,CHI,D,75,191.75,0,0,0,0,0,-,3,0.00,0.0,3,3,0,0,0,0,2,1,1,0,0,0,9,3,20,3,46,0,0,-
Brock McGinn,PIT,L,64,128.3,0,0,0,0,0,0.00,7,0.00,0.6,10,8,4,2,1,0,0,0,0,0,0,2,1,2,4,4,12,2,6,25.00
Dominic Toninato,WPG,C,77,112.71666666667,1,3,3,0,4,80.00,4,25.00,0.61,8,5,6,4,0,1,2,1,1,0,0,2,1,2,2,1,10,4,12,25.00
Jaccob Slavin,CAR,D,79,255.73333333333,0,2,0,2,2,66.67,12,0.00,0.44,14,13,2,0,1,0,0,0,0,0,0,1,5,18,12,5,25,0,0,-
Andreas Athanasiou,L.A,C,28,3.4,0,0,0,0,0,-,1,0.00,0.09,1,1,1,1,0,0,0,0,0,0,0,0,0,0,0,0,0,0,0,-
Brett Kulak,"EDM, MTL",D,74,80.633333333333,0,1,1,0,1,50.00,3,0.00,0.01,3,3,0,0,0,0,0,0,0,0,0,1,6,3,7,0,5,0,0,-
Cedric Paquette,MTL,C,24,42.9,0,0,0,0,0,-,1,0.00,0.1,1,1,1,1,0,0,0,0,0,0,0,0,1,4,0,0,4,8,22,26.67
Erik Gustafsson,CHI,D,59,6.3333333333333,0,0,0,0,0,-,0,-,0.0,0,0,0,0,0,0,0,0,0,0,0,0,0,1,0,0,0,0,0,-
Josh Anderson,MTL,R,69,2.7666666666667,0,0,0,0,0,-,1,0.00,0.16,3,3,2,0,0,1,5,1,0,1,0,1,0,2,0,1,0,0,0,-
Paul LaDue,NYI,D,1,1.5833333333333,0,0,0,0,0,-,1,0.00,0.0,1,1,0,0,0,0,0,0,0,0,0,0,0,0,0,0,1,0,0,-
Matthew Benning,NSH,D,65,143.03333333333,0,0,0,0,0,-,1,0.00,0.04,1,1,0,0,0,0,8,4,4,0,0,3,6,0,7,6,17,0,0,-
Petteri Lindbohm,FLA,D,9,2.8166666666667,0,0,0,0,0,-,0,-,0.0,0,0,0,0,0,0,0,0,0,0,0,0,0,0,1,0,0,0,0,-
Vinnie Hinostroza,BUF,C,62,24.716666666667,0,0,0,0,0,0.00,1,0.00,0.05,2,1,2,0,0,0,0,0,0,0,0,0,0,1,0,1,1,0,3,0.00
Connor Brown,OTT,R,64,166.58333333333,1,3,3,0,4,66.67,18,5.56,3.03,28,24,21,13,5,3,0,0,0,0,0,8,3,10,1,6,8,29,58,33.33
Ben Hutton,VGK,D,58,42.15,0,0,0,0,0,0.00,0,-,0.01,1,1,0,0,0,0,0,0,0,0,0,0,3,0,0,0,6,0,0,-
Alexander Kerfoot,TOR,C,82,140.83333333333,0,3,3,0,3,100.00,10,0.00,1.54,18,15,12,7,3,2,2,1,1,0,0,3,2,9,5,5,6,16,30,34.78
Jaycob Megna,S.J,D,44,84.483333333333,0,0,0,0,0,0.00,0,-,0.0,0,0,0,0,0,0,0,0,0,0,0,0,2,2,5,0,3,0,0,-
Liam O'Brien,ARI,C,39,2.3,0,0,0,0,0,-,0,-,0.0,0,0,0,0,0,0,0,0,0,0,0,0,0,0,0,0,0,1,0,100.00
Kurtis MacDermid,COL,D,58,5.3666666666667,0,0,0,0,0,0.00,0,-,0.0,0,0,0,0,0,0,0,0,0,0,0,0,0,0,0,0,2,0,0,-
Jayson Megna,COL,C,20,10.833333333333,0,0,0,0,0,-,1,0.00,0.0,1,1,0,0,1,0,0,0,0,0,0,0,0,1,1,0,0,8,6,57.14
Scott Sabourin,OTT,R,7,0.25,0,0,0,0,0,-,0,-,0.0,0,0,0,0,0,0,0,0,0,0,0,0,0,0,0,0,0,0,0,-
Andrej Sustr,"ANA, T.B",D,38,41.366666666667,0,0,0,0,0,-,0,-,0.0,0,0,0,0,0,0,0,0,0,0,0,0,1,0,1,0,4,0,0,-
Buddy Robinson,ANA,R,32,18.266666666667,0,0,0,0,0,-,1,0.00,0.07,2,2,1,0,0,0,0,0,0,0,0,0,0,2,1,0,1,0,0,-
Danny DeKeyser,DET,D,59,131.8,0,0,0,0,0,0.00,2,0.00,0.37,3,2,3,2,1,0,0,0,0,0,0,0,4,1,6,0,19,0,0,-
Nate Schmidt,WPG,D,77,51.433333333333,0,1,1,0,1,20.00,2,0.00,0.01,2,2,0,0,0,0,0,0,0,0,0,0,5,2,1,0,4,0,0,-
Carter Rowney,DET,C,26,10.416666666667,0,1,1,0,1,100.00,1,0.00,0.28,1,1,1,1,0,0,0,0,0,0,0,0,0,1,2,0,4,1,5,16.67
Chad Ruhwedel,PIT,D,78,137.16666666667,0,0,0,0,0,-,3,0.00,0.03,3,3,0,0,0,0,0,0,0,0,0,1,4,0,24,3,17,0,0,-
Michael Raffl,DAL,L,76,132.71666666667,1,2,2,0,3,100.00,12,8.33,1.02,14,14,9,4,0,0,0,0,0,0,0,3,3,6,5,3,6,2,2,50.00
Anton Blidh,BOS,L,32,27.616666666667,0,0,0,0,0,-,0,-,0.1,1,1,1,0,0,0,0,0,0,0,0,0,2,0,0,1,2,0,0,-
Dominik Kubalik,CHI,L,78,1.1166666666667,0,0,0,0,0,-,0,-,0.0,0,0,0,0,0,0,0,0,0,0,0,0,0,0,0,0,0,0,0,-
Kyle Burroughs,VAN,D,42,23.5,0,0,0,0,0,-,0,-,0.0,0,0,0,0,0,0,0,0,0,0,0,1,0,1,3,0,7,0,0,-
Andreas Johnsson,N.J,L,71,6.4333333333333,0,0,0,0,0,-,0,-,0.0,0,0,0,0,0,0,0,0,0,0,0,0,0,0,0,0,0,0,0,-
Tyler Lewington,BOS,D,2,1.5,0,0,0,0,0,-,0,-,0.0,0,0,0,0,0,0,0,0,0,0,0,0,0,0,1,0,0,0,0,-
MacKenzie Weegar,FLA,D,80,220.08333333333,1,1,0,1,2,28.57,9,11.11,0.21,12,11,2,0,2,0,15,6,5,1,0,2,8,10,22,2,28,0,0,-
Tyler Motte,"NYR, VAN",C,58,105.8,1,0,0,0,1,100.00,9,11.11,1.14,13,11,10,3,3,0,4,2,2,0,0,0,2,6,3,3,11,0,1,0.00
Will Butcher,BUF,D,37,2.9333333333333,0,0,0,0,0,-,0,-,0.0,0,0,0,0,0,0,0,0,0,0,0,0,0,0,0,0,0,0,0,-
Tucker Poolman,VAN,D,40,64.433333333333,0,0,0,0,0,0.00,0,-,0.0,0,0,0,0,0,0,2,1,1,0,0,1,1,1,3,0,21,0,0,-
Connor Clifton,BOS,D,60,72.783333333333,0,0,0,0,0,-,0,-,0.0,0,0,0,0,0,0,0,0,0,0,0,0,1,1,13,1,5,0,0,-
Carson Soucy,SEA,D,64,98.066666666667,1,1,0,1,2,40.00,3,33.33,0.14,4,4,2,0,0,0,6,2,2,0,0,1,1,3,4,0,9,0,0,-
Jonny Brodzinski,NYR,C,22,19.116666666667,0,0,0,0,0,-,0,-,0.0,0,0,0,0,0,0,4,2,2,0,0,0,0,0,0,0,2,4,7,36.36
Josh Brown,"BOS, OTT",D,52,93.616666666667,0,0,0,0,0,0.00,3,0.00,0.0,3,3,0,0,1,0,0,0,0,0,0,1,4,3,5,2,21,0,0,-
Hudson Fasching,ARI,R,11,2.8166666666667,0,0,0,0,0,-,1,0.00,0.08,2,1,2,1,0,0,0,0,0,0,0,0,0,0,0,0,0,0,0,-
John Hayden,BUF,C,55,31.333333333333,0,0,0,0,0,-,1,0.00,0.07,1,1,0,0,0,0,0,0,0,0,0,1,0,1,0,0,1,0,1,0.00
Pavel Buchnevich,STL,L,73,116.96666666667,2,2,2,0,4,100.00,9,22.22,1.37,13,12,9,4,2,0,2,1,1,0,0,3,2,7,4,0,2,0,2,0.00
Jake Guentzel,PIT,L,76,6.6833333333333,0,0,0,0,0,-,2,0.00,0.08,2,2,2,2,0,1,0,0,0,0,0,0,0,0,0,0,1,1,0,100.00
Mattias Janmark,VGK,C,67,79.75,2,1,1,0,3,100.00,5,40.00,0.46,5,5,4,3,1,0,0,0,0,0,0,2,0,4,2,1,1,1,1,50.00
Anthony Duclair,FLA,L,74,8.1833333333333,0,0,0,0,0,-,0,-,0.14,1,1,1,1,0,0,0,0,0,0,0,0,0,0,0,0,0,0,0,-
Carter Verhaeghe,FLA,C,78,23.566666666667,0,0,0,0,0,-,1,0.00,0.16,4,2,2,0,0,0,0,0,0,0,0,0,0,3,0,0,0,0,0,-
Oliver Bjorkstrand,CBJ,R,80,5.15,0,0,0,0,0,-,2,0.00,0.14,2,2,0,0,0,0,0,0,0,0,0,0,0,1,0,0,0,0,0,-
Mason Geertsen,N.J,D,25,0.13333333333333,0,0,0,0,0,-,0,-,0.0,0,0,0,0,0,0,0,0,0,0,0,0,0,0,0,0,0,0,0,-
Miles Wood,N.J,L,3,0.53333333333333,0,0,0,0,0,-,0,-,0.0,0,0,0,0,0,0,0,0,0,0,0,0,0,0,0,0,0,0,0,-
Nicholas Paul,"OTT, T.B",L,80,169.53333333333,1,1,1,0,2,100.00,13,7.69,1.63,19,17,11,6,2,1,10,1,0,0,1,1,3,16,3,7,6,75,95,44.12
Andrew Copp,"NYR, WPG",C,72,166.35,2,1,1,0,3,100.00,20,10.00,4.22,31,27,24,14,4,4,0,0,0,0,0,0,5,8,1,5,11,55,61,47.41
Ben Harpur,NSH,D,19,26.116666666667,0,0,0,0,0,-,0,-,0.0,0,0,0,0,0,0,2,1,1,0,0,1,0,0,2,0,3,0,0,-
Ryan Graves,N.J,D,75,183.0,0,0,0,0,0,0.00,4,0.00,0.05,5,5,0,0,1,0,0,0,0,0,0,3,6,5,10,1,15,0,0,-
Andre Burakovsky,COL,L,80,0.63333333333333,0,0,0,0,0,-,0,-,0.0,0,0,0,0,0,0,0,0,0,0,0,0,0,0,0,0,0,0,0,-
Michael McCarron,NSH,R,51,59.6,1,0,0,0,1,50.00,2,50.00,0.22,2,2,2,2,1,0,2,1,1,0,0,0,2,1,2,2,3,14,29,32.56
Shea Theodore,VGK,D,78,24.333333333333,0,0,0,0,0,0.00,1,0.00,0.0,1,1,0,0,0,0,2,1,1,0,0,0,1,0,1,0,2,0,0,-
Jason Dickinson,VAN,C,62,90.566666666667,0,0,0,0,0,-,1,0.00,0.12,3,2,3,0,1,0,0,0,0,0,0,1,0,4,2,2,5,7,16,30.43
Ryan Hartman,MIN,R,82,83.116666666667,0,0,0,0,0,-,5,0.00,0.31,6,6,3,1,2,0,4,2,2,0,0,0,0,6,4,5,2,14,26,35.00
Adam Erne,DET,L,79,6.85,0,0,0,0,0,-,0,-,0.0,0,0,0,0,0,0,0,0,0,0,0,0,0,0,1,0,1,1,0,100.00
J.T. Compher,COL,L,70,115.95,1,0,0,0,1,100.00,2,50.00,0.84,4,3,2,1,3,0,0,0,0,0,0,2,0,2,0,0,14,48,69,41.03
Laurent Dauphin,MTL,C,38,42.883333333333,0,0,0,0,0,-,4,0.00,0.35,5,4,3,1,1,0,0,0,0,0,0,0,1,2,2,0,8,7,15,31.82
Robert Hagg,"BUF, FLA",D,64,122.28333333333,0,0,0,0,0,0.00,2,0.00,0.03,2,2,0,0,0,0,0,0,0,0,0,1,1,0,10,1,16,0,0,-
Nic Petan,VAN,C,18,0.016666666666667,0,0,0,0,0,-,0,-,0.0,0,0,0,0,0,0,0,0,0,0,0,0,0,0,0,0,0,0,0,-
Dillon Heatherington,OTT,D,9,15.4,0,0,0,0,0,0.00,1,0.00,0.0,1,1,0,0,0,0,0,0,0,0,0,0,1,0,3,0,0,0,0,-
Carl Dahlstrom,TOR,D,3,2.5166666666667,0,0,0,0,0,-,0,-,0.0,0,0,0,0,0,0,0,0,0,0,0,0,0,0,0,0,1,0,0,-
Justin Bailey,VAN,R,14,17.833333333333,0,0,0,0,0,-,2,0.00,0.0,3,2,1,0,0,0,2,1,1,0,0,0,0,3,2,0,1,0,1,0.00
Madison Bowey,VAN,D,2,5.1166666666667,0,0,0,0,0,-,0,-,0.0,0,0,0,0,0,0,0,0,0,0,0,0,0,0,0,0,0,0,0,-
Artturi Lehkonen,"COL, MTL",L,74,139.95,2,0,0,0,2,100.00,7,28.57,0.86,11,9,7,3,1,0,4,2,2,0,0,1,0,2,9,2,8,0,4,0.00
William Carrier,VGK,L,63,11.316666666667,0,0,0,0,0,-,0,-,0.12,1,1,1,1,0,0,0,0,0,0,0,0,0,0,2,0,1,0,0,-
Tyler Bertuzzi,DET,L,68,49.683333333333,1,1,0,1,2,100.00,4,25.00,0.5,7,6,5,4,0,0,0,0,0,0,0,0,0,3,0,1,1,0,1,0.00
Zach Sanford,"OTT, WPG",L,80,36.25,0,0,0,0,0,-,0,-,0.19,2,2,2,1,0,0,2,1,1,0,0,0,1,1,0,3,3,0,0,-
Brett Pesce,CAR,D,70,196.35,0,0,0,0,0,-,7,0.00,0.1,8,7,0,0,3,0,2,1,1,0,0,1,3,8,2,4,12,0,0,-
Nathan MacKinnon,COL,C,65,4.1666666666667,0,0,0,0,0,-,1,0.00,0.01,1,1,0,0,1,0,0,0,0,0,0,0,0,0,0,0,0,2,4,33.33
Aleksander Barkov,FLA,C,67,143.41666666667,4,1,1,0,5,100.00,11,36.36,1.19,13,11,11,8,2,0,0,0,0,0,0,0,4,13,1,2,9,78,88,46.99
Jonathan Drouin,MTL,L,34,10.7,0,0,0,0,0,-,1,0.00,0.02,1,1,0,0,0,0,0,0,0,0,0,0,1,0,0,0,1,0,1,0.00
Seth Jones,CHI,D,78,146.8,0,1,1,0,1,100.00,2,0.00,0.16,5,3,2,2,3,1,0,0,0,0,0,2,9,5,5,2,22,0,0,-
Elias Lindholm,CGY,C,82,174.58333333333,1,1,1,0,2,100.00,7,14.29,0.44,10,9,4,2,1,1,0,0,0,0,0,0,5,14,6,2,5,112,112,50.00
Sean Monahan,CGY,C,65,4.8,0,0,0,0,0,-,0,-,0.0,0,0,0,0,0,0,2,1,1,0,0,0,0,0,0,0,0,3,2,60.00
Darnell Nurse,EDM,D,71,196.9,2,1,0,1,3,42.86,12,16.67,0.75,14,14,7,2,0,0,2,1,1,0,0,1,9,4,14,2,26,0,0,-
Rasmus Ristolainen,PHI,D,66,124.73333333333,0,0,0,0,0,0.00,5,0.00,0.15,7,7,2,0,0,0,2,1,1,0,0,1,4,0,16,5,21,0,0,-
Bo Horvat,VAN,C,70,82.983333333333,1,0,0,0,1,25.00,4,25.00,0.41,6,5,4,1,1,0,0,0,0,0,0,0,1,6,2,0,3,53,53,50.00
Valeri Nichushkin,COL,R,62,108.16666666667,2,0,0,0,2,100.00,11,18.18,0.89,13,12,8,4,3,0,2,1,1,0,0,2,1,8,1,4,7,0,2,0.00
Max Domi,"CAR, CBJ",C,72,0.36666666666667,0,0,0,0,0,-,0,-,0.0,0,0,0,0,0,0,0,0,0,0,0,0,0,0,1,0,0,0,0,-
Josh Morrissey,WPG,D,79,76.483333333333,0,0,0,0,0,-,0,-,0.0,0,0,0,0,0,0,2,1,1,0,0,0,5,1,2,2,6,0,0,-
Alex Wennberg,SEA,C,80,63.166666666667,0,1,1,0,1,100.00,1,0.00,0.06,2,2,0,0,0,0,0,0,0,0,0,0,2,3,0,0,3,28,24,53.85
Ryan Pulock,NYI,D,56,90.483333333333,0,1,1,0,1,50.00,6,0.00,0.09,7,7,1,0,1,0,0,0,0,0,0,0,2,1,2,1,15,0,0,-
Nikita Zadorov,CGY,D,74,56.883333333333,0,0,0,0,0,-,2,0.00,0.09,4,3,1,0,0,0,2,1,1,0,0,0,4,3,5,1,2,0,0,-
Curtis Lazar,BOS,C,70,112.25,0,1,1,0,1,100.00,8,0.00,0.98,10,9,9,3,3,1,0,0,0,0,0,1,4,5,4,5,18,17,28,37.78
Anthony Mantha,WSH,R,37,0.5,0,0,0,0,0,-,0,-,0.0,0,0,0,0,0,0,0,0,0,0,0,0,0,0,0,0,0,0,0,-
Frederik Gauthier,N.J,C,8,22.533333333333,0,0,0,0,0,0.00,0,-,0.0,0,0,0,0,0,0,0,0,0,0,0,0,0,0,2,1,0,6,13,31.58
Nathan Walker,STL,L,30,1.9833333333333,0,0,0,0,0,-,0,-,0.0,0,0,0,0,0,0,0,0,0,0,0,0,0,0,0,0,0,0,0,-
Joel Hanley,DAL,D,44,29.933333333333,0,0,0,0,0,-,0,-,0.0,0,0,0,0,0,0,0,0,0,0,0,1,0,0,2,1,3,0,0,-
Conor Sheary,WSH,L,71,28.733333333333,0,0,0,0,0,-,4,0.00,0.25,5,4,1,0,0,0,0,0,0,0,0,0,1,1,3,0,3,0,1,0.00
Trevor van Riemsdyk,WSH,D,72,191.48333333333,0,1,0,1,1,50.00,1,0.00,0.0,1,1,0,0,1,0,0,0,0,0,0,0,1,7,3,4,23,0,0,-
Ryan Carpenter,"CGY, CHI",C,67,128.7,0,0,0,0,0,-,3,0.00,0.57,6,6,5,3,1,0,0,0,0,0,0,1,1,6,10,2,12,39,45,46.43
Jordan Oesterle,DET,D,45,47.716666666667,0,0,0,0,0,-,2,0.00,0.13,2,2,1,0,0,1,0,0,0,0,0,0,1,2,0,1,2,0,0,-
Patrick Brown,PHI,C,44,74.616666666667,0,0,0,0,0,-,5,0.00,0.25,5,5,3,2,0,0,0,0,0,0,0,1,2,2,4,0,7,32,38,45.71
Garnet Hathaway,WSH,R,76,88.0,0,1,0,1,1,inf,9,0.00,0.71,14,10,8,4,0,1,2,1,1,0,0,0,0,4,4,4,9,3,1,75.00
Frederick Gaudreau,MIN,C,76,121.08333333333,0,2,2,0,2,100.00,7,0.00,1.11,14,13,7,3,3,0,0,0,0,0,0,2,1,8,2,1,5,51,47,52.04
Pierre-Edouard Bellemare,T.B,L,80,204.0,1,0,0,0,1,33.33,6,16.67,0.4,7,7,4,1,1,0,2,1,1,0,0,1,3,6,7,5,8,98,119,45.16
Tomas Nosek,BOS,L,75,135.55,0,2,1,1,2,100.00,3,0.00,0.15,4,4,2,0,1,0,2,1,1,0,0,0,3,9,2,0,8,46,48,48.94
Aaron Ekblad,FLA,D,61,169.31666666667,0,3,2,1,3,50.00,5,0.00,0.36,9,6,4,1,1,0,0,0,0,0,0,0,8,8,5,4,15,0,0,-
Sam Reinhart,FLA,C,78,50.766666666667,0,2,1,1,2,100.00,1,0.00,0.09,2,1,1,1,2,0,0,0,0,0,0,0,0,2,4,1,2,15,13,53.57
Leon Draisaitl,EDM,C,80,77.566666666667,1,0,0,0,1,50.00,12,8.33,1.32,16,13,8,4,2,0,0,0,0,0,0,0,1,7,5,2,1,78,80,49.37
Sam Bennett,FLA,C,71,55.15,0,1,1,0,1,50.00,9,0.00,1.05,10,9,6,3,2,1,0,0,0,0,0,1,1,3,2,0,1,9,18,33.33
Haydn Fleury,SEA,D,36,32.8,0,0,0,0,0,-,0,-,0.0,0,0,0,0,0,0,0,0,0,0,0,0,0,0,3,0,5,0,0,-
William Nylander,TOR,"C, R",81,24.933333333333,0,0,0,0,0,0.00,0,-,0.14,2,1,1,0,0,0,0,0,0,0,0,1,0,1,0,1,1,3,0,100.00
Nikolaj Ehlers,WPG,L,62,0.96666666666667,0,0,0,0,0,-,0,-,0.0,0,0,0,0,0,0,0,0,0,0,0,0,0,0,0,0,0,0,0,-
Nick Ritchie,"ARI, TOR",L,57,0.63333333333333,0,0,0,0,0,-,0,-,0.0,0,0,0,0,0,0,0,0,0,0,0,0,0,0,0,0,0,0,0,-
Kevin Fiala,MIN,L,82,74.5,1,0,0,0,1,100.00,5,20.00,0.5,7,6,2,2,1,0,2,1,1,0,0,5,1,4,0,1,0,0,0,-
Brendan Perlini,EDM,L,23,0.36666666666667,0,0,0,0,0,-,1,0.00,0.09,1,1,1,0,0,0,0,0,0,0,0,0,0,0,0,0,0,0,0,-
Jakub Vrana,DET,L,26,0.05,0,0,0,0,0,-,0,-,0.0,0,0,0,0,0,0,10,1,0,0,1,0,0,0,0,0,0,0,0,-
Dylan Larkin,DET,C,71,35.966666666667,0,1,1,0,1,100.00,1,0.00,0.05,4,1,1,0,1,0,2,1,1,0,0,0,0,2,2,4,2,28,31,47.46
Travis Sanheim,PHI,D,80,169.93333333333,0,0,0,0,0,0.00,9,0.00,0.64,11,10,3,3,4,0,2,1,1,0,0,2,4,4,4,2,21,0,0,-
Alex Tuch,BUF,R,50,71.8,1,0,0,0,1,50.00,7,14.29,0.87,12,10,7,4,1,1,2,1,1,0,0,0,2,5,4,0,6,2,4,33.33
Tony DeAngelo,CAR,D,64,9.75,0,0,0,0,0,-,0,-,0.0,0,0,0,0,0,0,0,0,0,0,0,0,0,0,0,0,0,0,0,-
Nick Schmaltz,ARI,C,63,31.383333333333,0,0,0,0,0,-,2,0.00,0.21,4,2,3,2,1,0,0,0,0,0,0,0,0,2,1,1,1,8,8,50.00
Robby Fabbri,DET,C,56,1.0166666666667,0,0,0,0,0,-,0,-,0.0,0,0,0,0,0,0,0,0,0,0,0,0,0,0,0,0,0,0,0,-
Kasperi Kapanen,PIT,R,79,0.98333333333333,0,0,0,0,0,-,0,-,0.0,0,0,0,0,0,0,0,0,0,0,0,0,0,0,0,0,0,0,0,-
Jared McCann,SEA,"C, L",74,16.066666666667,1,0,0,0,1,100.00,2,50.00,0.24,3,3,3,0,0,0,0,0,0,0,0,0,0,0,1,0,0,3,2,60.00
David Pastrnak,BOS,R,72,1.85,0,0,0,0,0,-,0,-,0.0,0,0,0,0,0,0,0,0,0,0,0,0,0,0,0,0,0,0,0,-
Adrian Kempe,L.A,"C, L",78,115.56666666667,3,0,0,0,3,100.00,13,23.08,1.94,19,17,13,6,1,1,2,1,1,0,0,0,3,5,7,0,1,1,4,20.00
Brendan Lemieux,L.A,L,50,2.5333333333333,0,0,0,0,0,-,0,-,0.0,0,0,0,0,0,0,0,0,0,0,0,0,0,0,0,0,0,0,0,-
Ivan Barbashev,STL,C,81,86.75,1,1,0,1,2,100.00,9,11.11,1.63,12,10,4,3,3,1,4,1,1,0,0,1,1,3,2,2,3,11,15,42.31
Marcus Pettersson,PIT,D,72,21.966666666667,0,0,0,0,0,-,0,-,0.0,0,0,0,0,0,0,0,0,0,0,0,1,0,0,3,0,1,0,0,-
Nicolas Aube-Kubel,"COL, PHI",R,74,2.6,0,0,0,0,0,-,0,-,0.0,0,0,0,0,0,0,0,0,0,0,0,0,0,0,1,0,0,0,1,0.00
Brandon Montour,FLA,D,81,49.283333333333,0,0,0,0,0,0.00,0,-,0.0,1,0,0,0,0,0,0,0,0,0,0,0,2,1,1,0,1,0,0,-
Ryan Donato,SEA,C,74,0.33333333333333,0,0,0,0,0,-,0,-,0.0,0,0,0,0,0,0,0,0,0,0,0,0,0,0,0,0,0,0,0,-
Christian Dvorak,MTL,L,56,92.483333333333,0,0,0,0,0,0.00,2,0.00,0.08,2,2,0,0,0,0,0,0,0,0,0,0,4,1,0,2,9,69,45,60.53
Juho Lammikko,VAN,L,75,100.4,0,0,0,0,0,-,3,0.00,0.56,5,5,4,1,0,0,0,0,0,0,0,0,1,2,2,0,6,23,37,38.33
Warren Foegele,EDM,L,82,13.35,0,0,0,0,0,-,2,0.00,0.14,2,2,2,0,0,0,0,0,0,0,0,1,0,1,0,0,0,0,0,-
Brayden Point,T.B,C,66,4.0,0,0,0,0,0,-,0,-,0.0,0,0,0,0,0,0,0,0,0,0,0,0,0,0,0,0,0,2,2,50.00
Jake Walman,"DET, STL",D,51,30.6,0,0,0,0,0,-,1,0.00,0.0,1,1,0,0,0,0,0,0,0,0,0,1,1,1,2,0,1,0,0,-
Mark Friedman,PIT,D,26,24.35,0,0,0,0,0,-,1,0.00,0.0,1,1,0,0,0,0,0,0,0,0,0,0,0,0,3,0,3,0,0,-
Michael Amadio,"TOR, VGK",C,56,10.133333333333,0,0,0,0,0,-,0,-,0.0,0,0,0,0,0,0,2,1,1,0,0,1,0,2,1,0,0,0,0,-
William Lagesson,"EDM, MTL",D,33,31.05,0,0,0,0,0,-,1,0.00,0.0,1,1,0,0,0,0,2,1,1,0,0,0,2,2,3,0,1,0,0,-
Devon Toews,COL,D,66,183.25,0,0,0,0,0,0.00,8,0.00,0.25,8,8,2,1,3,0,0,0,0,0,0,1,7,8,2,2,15,0,0,-
Viktor Arvidsson,L.A,L,66,1.15,0,0,0,0,0,-,0,-,0.0,0,0,0,0,0,0,0,0,0,0,0,0,0,0,0,0,0,0,0,-
Sam Lafferty,"CHI, PIT","C, R",56,108.13333333333,0,0,0,0,0,-,12,0.00,1.19,14,14,11,5,2,0,2,1,1,0,0,2,2,3,4,5,5,12,17,41.38
Danton Heinen,PIT,L,76,0.96666666666667,0,0,0,0,0,-,0,-,0.0,0,0,0,0,0,0,0,0,0,0,0,0,1,0,0,0,0,0,0,-
Michael Bunting,TOR,L,79,2.1333333333333,0,0,0,0,0,-,1,0.00,0.21,3,1,1,1,0,0,0,0,0,0,0,0,0,0,0,0,0,0,0,-
Max Willman,PHI,C,41,15.883333333333,0,0,0,0,0,-,0,-,0.0,1,0,1,0,1,0,2,1,1,0,0,1,0,0,0,0,1,0,0,-
Gustav Forsling,FLA,D,71,175.91666666667,0,0,0,0,0,0.00,6,0.00,0.25,7,7,1,1,3,0,0,0,0,0,0,2,6,6,2,2,14,0,0,-
Clark Bishop,OTT,C,9,2.2666666666667,0,0,0,0,0,-,0,-,0.0,0,0,0,0,0,0,0,0,0,0,0,0,0,0,0,0,0,0,0,-
Dakota Joshua,STL,C,30,1.1166666666667,0,0,0,0,0,-,0,-,0.0,0,0,0,0,0,0,0,0,0,0,0,0,0,0,0,0,0,0,0,-
Dysin Mayo,ARI,D,67,196.66666666667,0,0,0,0,0,0.00,5,0.00,0.01,6,6,0,0,1,0,0,0,0,0,0,2,7,1,9,3,39,0,0,-
Oskar Lindblom,PHI,L,79,63.983333333333,0,0,0,0,0,0.00,1,0.00,0.25,3,2,2,2,0,0,0,0,0,0,0,0,1,1,4,1,3,1,2,33.33
Anders Bjork,BUF,L,58,33.916666666667,0,0,0,0,0,-,2,0.00,0.25,3,3,2,0,1,0,0,0,0,0,0,0,0,2,0,0,1,0,1,0.00
Sammy Blais,NYR,L,14,0.31666666666667,0,0,0,0,0,-,0,-,0.0,0,0,0,0,0,0,0,0,0,0,0,0,0,0,0,0,0,0,0,-
Victor Olofsson,BUF,L,72,1.4,0,1,1,0,1,100.00,1,0.00,0.19,1,1,1,1,1,1,0,0,0,0,0,0,0,0,0,0,0,0,0,-
Pierre Engvall,TOR,L,78,74.183333333333,2,1,1,0,3,100.00,9,22.22,0.99,13,12,9,4,0,0,0,0,0,0,0,1,1,5,1,5,2,8,8,50.00
Ondrej Kase,TOR,R,50,62.033333333333,1,0,0,0,1,100.00,8,12.50,0.99,13,10,8,3,2,0,0,0,0,0,0,0,1,5,4,2,6,0,4,0.00
Jake Evans,MTL,C,72,139.1,0,1,1,0,1,100.00,9,0.00,0.73,15,13,6,2,0,0,4,2,2,0,0,4,2,11,2,3,9,70,96,42.17
Jacob Middleton,"MIN, S.J",D,66,105.8,0,1,0,1,1,50.00,4,0.00,0.31,6,6,2,1,1,0,0,0,0,0,0,2,2,3,4,2,6,0,0,-
Matthew Highmore,VAN,C,46,48.283333333333,0,0,0,0,0,-,4,0.00,0.1,4,4,1,0,0,0,0,0,0,0,0,0,1,0,1,1,2,0,0,-
Darren Raddysh,T.B,D,4,1.2833333333333,0,0,0,0,0,-,0,-,0.0,0,0,0,0,0,0,0,0,0,0,0,0,0,0,0,0,0,0,0,-
Dryden Hunt,NYR,L,76,1.55,0,0,0,0,0,-,0,-,0.0,0,0,0,0,0,0,0,0,0,0,0,0,0,1,1,0,0,0,0,-
Andrew Mangiapane,CGY,L,82,104.55,2,1,1,0,3,100.00,7,28.57,0.91,9,7,7,4,1,0,2,1,1,0,0,2,0,9,2,2,7,2,2,50.00
Frank Vatrano,"FLA, NYR",C,71,2.3666666666667,0,0,0,0,0,-,0,-,0.0,0,0,0,0,0,0,0,0,0,0,0,0,0,0,0,0,0,0,0,-
Noah Hanifin,CGY,D,81,150.7,0,1,0,1,1,20.00,1,0.00,0.21,3,2,1,1,0,0,0,0,0,0,0,1,8,6,5,0,13,0,0,-
Rasmus Andersson,CGY,D,82,153.96666666667,0,1,0,1,1,16.67,2,0.00,0.16,4,3,2,0,0,0,0,0,0,0,0,1,4,1,10,5,22,0,0,-
Kyle Connor,WPG,L,79,110.38333333333,3,0,0,0,3,75.00,18,16.67,2.27,23,21,18,8,5,0,0,0,0,0,0,0,4,17,0,1,1,1,0,100.00
Jonas Siegenthaler,N.J,D,70,167.51666666667,0,1,1,0,1,33.33,3,0.00,0.0,3,3,0,0,0,0,2,1,1,0,0,1,1,3,5,2,6,0,0,-
Colin White,OTT,C,24,0.68333333333333,0,0,0,0,0,-,0,-,0.0,0,0,0,0,0,0,0,0,0,0,0,0,0,0,0,0,0,0,2,0.00
Pavel Zacha,N.J,C,70,26.55,0,0,0,0,0,-,3,0.00,0.42,4,3,4,3,2,0,0,0,0,0,0,1,1,2,3,1,0,11,10,52.38
Connor McDavid,EDM,C,80,18.25,0,1,1,0,1,100.00,0,-,0.0,0,0,0,0,0,0,0,0,0,0,0,0,0,1,0,1,0,5,5,50.00
Jack Eichel,VGK,C,34,1.3666666666667,0,0,0,0,0,-,0,-,0.0,0,0,0,0,0,0,0,0,0,0,0,0,0,0,0,0,0,0,1,0.00
Vince Dunn,SEA,D,73,16.166666666667,0,0,0,0,0,-,1,0.00,0.06,1,1,1,0,0,0,0,0,0,0,0,0,0,1,1,1,0,0,0,-
Travis Dermott,"TOR, VAN",D,60,35.816666666667,0,0,0,0,0,0.00,1,0.00,0.0,1,1,0,0,0,0,0,0,0,0,0,0,1,0,2,2,3,0,0,-
Jordan Greenway,MIN,L,62,66.116666666667,0,0,0,0,0,-,2,0.00,0.13,2,2,2,2,0,0,2,1,1,0,0,1,2,1,4,1,6,0,1,0.00
Timo Meier,S.J,R,77,3.8833333333333,0,0,0,0,0,-,0,-,0.0,0,0,0,0,0,0,0,0,0,0,0,0,0,0,0,0,0,0,0,-
Jakub Zboril,BOS,D,10,6.4166666666667,0,0,0,0,0,-,1,0.00,0.05,1,1,0,0,0,0,0,0,0,0,0,0,0,0,4,0,2,0,0,-
Erik Cernak,T.B,D,55,155.88333333333,0,0,0,0,0,-,2,0.00,0.0,2,2,0,0,0,0,2,1,1,0,0,0,1,3,20,4,22,0,0,-
Mikko Rantanen,COL,R,75,2.9833333333333,0,0,0,0,0,-,0,-,0.0,0,0,0,0,0,0,0,0,0,0,0,0,0,0,1,0,1,1,1,50.00
A.J. Greer,N.J,L,9,0.15,0,0,0,0,0,-,0,-,0.0,0,0,0,0,0,0,0,0,0,0,0,0,0,0,0,0,0,0,0,-
Jansen Harkins,WPG,C,77,2.0833333333333,0,0,0,0,0,-,0,-,0.0,0,0,0,0,0,0,2,1,1,0,0,0,0,0,0,1,0,0,0,-
Brendan Guhle,ANA,D,6,0.9,0,0,0,0,0,-,0,-,0.0,0,0,0,0,0,0,0,0,0,0,0,0,0,0,0,0,0,0,0,-
Sebastian Aho,CAR,"C, R",79,150.78333333333,1,2,2,0,3,100.00,15,6.67,1.75,23,20,17,7,3,1,6,3,3,0,0,6,2,11,5,5,1,29,30,49.15
Oliver Kylington,CGY,D,73,6.25,0,0,0,0,0,-,1,0.00,0.0,1,1,0,0,0,0,0,0,0,0,0,0,0,0,0,0,0,0,0,-
Evgeny Svechnikov,WPG,L,72,0.9,0,0,0,0,0,-,0,-,0.0,0,0,0,0,0,0,0,0,0,0,0,0,0,0,0,0,0,0,0,-
Christian Fischer,ARI,R,53,43.516666666667,0,0,0,0,0,-,0,-,0.01,1,1,0,0,0,0,0,0,0,0,0,0,2,2,1,0,3,2,6,25.00
Keegan Kolesar,VGK,R,77,43.683333333333,1,0,0,0,1,100.00,3,33.33,0.29,3,3,1,1,0,0,0,0,0,0,0,0,1,5,0,1,3,4,7,36.36
Thomas Novak,NSH,C,27,1.1333333333333,0,0,0,0,0,-,0,-,0.0,0,0,0,0,0,0,0,0,0,0,0,0,0,0,0,0,0,0,0,-
Travis Konecny,PHI,"C, R",79,13.2,0,0,0,0,0,-,2,0.00,0.08,2,2,1,0,0,0,0,0,0,0,0,0,0,0,1,0,0,1,0,100.00
Dylan Strome,CHI,C,69,2.5166666666667,0,0,0,0,0,-,0,-,0.0,0,0,0,0,0,0,0,0,0,0,0,0,0,0,0,0,0,1,1,50.00
Brandon Carlo,BOS,D,79,216.06666666667,1,0,0,0,1,50.00,10,10.00,0.06,12,10,3,0,2,0,4,2,2,0,0,3,3,7,13,8,19,0,0,-
Brock Boeser,VAN,R,71,2.4166666666667,0,1,0,1,1,100.00,1,0.00,0.02,1,1,1,0,0,0,0,0,0,0,0,0,0,0,0,0,0,0,0,-
Mathew Barzal,NYI,C,73,2.35,0,0,0,0,0,-,0,-,0.0,0,0,0,0,0,0,0,0,0,0,0,0,0,0,0,0,0,0,0,-
Glenn Gawdin,CGY,C,2,0.18333333333333,0,0,0,0,0,-,0,-,0.0,0,0,0,0,0,0,0,0,0,0,0,0,0,0,0,0,0,0,0,-
Roope Hintz,DAL,"C, L",80,93.966666666667,3,1,1,0,4,80.00,8,37.50,0.85,9,9,7,3,1,0,0,0,0,0,0,0,1,4,1,1,5,14,19,42.42
Ethan Bear,CAR,D,58,53.183333333333,0,0,0,0,0,-,0,-,0.23,2,2,1,1,0,0,0,0,0,0,0,1,0,1,5,1,6,0,0,-
Caleb Jones,CHI,D,51,19.7,0,0,0,0,0,-,1,0.00,0.0,1,1,0,0,0,0,0,0,0,0,0,0,0,1,3,0,1,0,0,-
Noah Juulsen,VAN,D,8,11.566666666667,0,0,0,0,0,-,0,-,0.0,0,0,0,0,0,0,0,0,0,0,0,0,1,0,2,0,4,0,0,-
Jack Roslovic,CBJ,C,81,62.533333333333,0,0,0,0,0,-,2,0.00,0.14,4,3,2,0,0,0,0,0,0,0,0,0,0,5,1,0,2,8,22,26.67
Zach Werenski,CBJ,D,68,106.0,0,1,0,1,1,33.33,7,0.00,0.44,7,7,3,1,2,0,0,0,0,0,0,0,0,0,3,0,9,0,0,-
Nicolas Roy,VGK,C,78,104.01666666667,0,1,1,0,1,33.33,7,0.00,0.46,9,8,3,2,0,0,0,0,0,0,0,0,0,4,0,0,5,46,59,43.81
Anthony Beauvillier,NYI,L,75,29.566666666667,0,0,0,0,0,-,1,0.00,0.19,2,2,2,0,0,1,0,0,0,0,0,0,1,0,1,1,1,0,0,-
Daniel Sprong,"SEA, WSH",R,63,0.15,0,0,0,0,0,-,0,-,0.0,0,0,0,0,0,0,0,0,0,0,0,0,0,0,0,0,0,0,0,-
Nicolas Meloche,S.J,D,50,50.683333333333,0,1,0,1,1,100.00,1,0.00,0.0,1,1,0,0,0,0,0,0,0,0,0,1,1,0,6,1,4,0,0,-
Jeremy Lauzon,"NSH, SEA",D,66,123.58333333333,0,0,0,0,0,0.00,0,-,0.0,0,0,0,0,0,0,2,1,1,0,0,1,0,0,17,3,17,0,0,-
Thomas Chabot,OTT,D,59,10.933333333333,0,0,0,0,0,-,1,0.00,0.0,1,1,0,0,1,0,0,0,0,0,0,0,0,1,0,0,2,0,0,-
Mathieu Joseph,"OTT, T.B",R,69,135.61666666667,2,2,2,0,4,100.00,11,18.18,1.72,17,14,12,5,2,1,6,3,3,0,0,2,2,11,0,3,4,3,2,60.00
Lawson Crouse,ARI,L,65,111.68333333333,1,0,0,0,1,100.00,6,16.67,0.78,9,9,5,3,3,0,0,0,0,0,0,0,0,4,3,2,8,3,5,37.50
Kyle Capobianco,ARI,D,45,6.25,0,0,0,0,0,-,0,-,0.0,0,0,0,0,0,0,0,0,0,0,0,0,0,0,0,0,0,0,0,-
Mitchell Stephens,DET,C,27,38.0,0,0,0,0,0,-,3,0.00,0.07,3,3,0,0,0,0,0,0,0,0,0,0,0,2,1,0,1,22,28,44.00
Blake Speers,ARI,C,2,0.6,0,0,0,0,0,-,0,-,0.0,0,0,0,0,0,0,0,0,0,0,0,0,0,0,0,0,0,0,0,-
Mitchell Marner,TOR,"C, R",72,144.91666666667,3,1,1,0,4,80.00,22,13.64,2.0,31,30,15,6,3,1,2,1,1,0,0,1,7,14,3,2,3,6,5,54.55
Jacob Larsson,ANA,D,6,1.1833333333333,0,0,0,0,0,-,0,-,0.0,0,0,0,0,0,0,0,0,0,0,0,0,0,0,0,0,0,0,0,-
Joel Eriksson Ek,MIN,C,77,166.26666666667,0,0,0,0,0,-,7,0.00,0.64,14,10,5,0,3,0,2,1,1,0,0,2,1,10,9,1,13,95,136,41.13
Denis Gurianov,DAL,R,73,2.2666666666667,0,0,0,0,0,-,0,-,0.0,0,0,0,0,0,0,0,0,0,0,0,0,0,0,0,0,0,0,0,-
Jake DeBrusk,BOS,L,77,48.5,0,0,0,0,0,-,5,0.00,0.37,6,6,4,0,0,0,2,1,1,0,0,0,0,2,1,2,4,0,0,-
Ivan Provorov,PHI,D,79,210.03333333333,0,2,2,0,2,50.00,1,0.00,0.0,2,1,0,0,0,0,2,1,1,0,0,1,10,2,4,5,26,0,0,-
Gabriel Carlsson,CBJ,D,38,26.45,0,0,0,0,0,-,0,-,0.0,0,0,0,0,0,0,0,0,0,0,0,0,0,0,2,1,5,0,0,-
John Marino,PIT,D,81,191.56666666667,0,2,1,1,2,66.67,4,0.00,0.02,4,4,0,0,1,0,0,0,0,0,0,1,5,9,9,2,14,0,0,-
Yakov Trenin,NSH,C,80,133.93333333333,0,0,0,0,0,-,9,0.00,1.06,20,14,10,4,5,0,0,0,0,0,0,0,1,14,4,4,5,0,1,0.00
Austin Czarnik,"NYI, SEA",C,17,2.3666666666667,0,0,0,0,0,-,0,-,0.0,0,0,0,0,0,0,0,0,0,0,0,0,0,0,0,1,0,1,0,100.00
Anthony Cirelli,T.B,C,76,160.4,1,0,0,0,1,50.00,13,7.69,0.9,19,14,10,4,3,0,21,5,3,1,1,4,4,12,1,5,6,40,66,37.74
Tanner Kero,DAL,C,23,10.633333333333,0,0,0,0,0,-,1,0.00,0.04,2,1,0,0,0,0,0,0,0,0,0,0,1,1,0,0,1,0,0,-
Evan Rodrigues,PIT,C,82,34.65,0,0,0,0,0,-,3,0.00,0.19,4,3,4,2,0,1,0,0,0,0,0,0,2,0,1,1,1,10,14,41.67
Artemi Panarin,NYR,L,75,1.0166666666667,0,0,0,0,0,-,1,0.00,0.06,1,1,0,0,0,0,0,0,0,0,0,0,0,0,0,0,0,0,0,-
Dean Kukan,CBJ,D,41,28.233333333333,0,0,0,0,0,-,1,0.00,0.0,2,1,0,0,0,0,0,0,0,0,0,0,0,0,1,0,2,0,0,-
Noel Acciari,FLA,C,20,23.816666666667,0,0,0,0,0,-,1,0.00,0.1,1,1,1,1,0,0,0,0,0,0,0,1,1,0,3,0,4,4,13,23.53
Derek Ryan,EDM,C,75,130.01666666667,0,1,1,0,1,inf,3,0.00,0.2,4,4,1,1,0,0,2,1,1,0,0,0,2,4,3,1,8,49,64,43.36
Lukas Vejdemo,MTL,C,6,12.85,0,0,0,0,0,-,0,-,0.15,1,1,1,1,1,0,0,0,0,0,0,0,0,1,1,1,3,0,4,0.00
Will Borgen,SEA,D,36,30.216666666667,0,0,0,0,0,0.00,3,0.00,0.09,3,3,1,0,0,0,0,0,0,0,0,0,0,0,6,0,7,0,0,-
Colton White,N.J,D,27,7.5833333333333,0,0,0,0,0,-,0,-,0.0,0,0,0,0,0,0,0,0,0,0,0,0,0,0,0,0,0,0,0,-
Christian Wolanin,"BUF, L.A",D,9,5.5833333333333,0,0,0,0,0,-,0,-,0.0,0,0,0,0,0,0,0,0,0,0,0,0,0,0,2,0,0,0,0,-
Alexandre Carrier,NSH,D,77,222.5,0,1,0,1,1,100.00,4,0.00,0.04,7,5,1,0,0,0,4,2,2,0,0,5,5,3,7,4,37,0,1,0.00
Conor Garland,VAN,R,77,3.7166666666667,0,0,0,0,0,-,0,-,0.0,0,0,0,0,0,0,10,1,0,0,1,0,0,0,0,0,0,0,0,-
Niko Mikkola,STL,D,54,79.583333333333,1,0,0,0,1,33.33,2,50.00,0.3,3,3,1,1,0,0,0,0,0,0,0,1,2,1,4,1,14,0,0,-
Kirill Kaprizov,MIN,L,81,4.35,0,0,0,0,0,-,0,-,0.0,0,0,0,0,0,0,0,0,0,0,0,0,0,0,0,0,0,0,0,-
Dominik Simon,"ANA, PIT",C,72,0.25,0,0,0,0,0,-,0,-,0.0,0,0,0,0,0,0,0,0,0,0,0,0,0,0,0,0,0,0,0,-
Christian Jaros,N.J,D,11,3.4666666666667,0,0,0,0,0,-,0,-,0.0,0,0,0,0,0,0,0,0,0,0,0,0,0,0,0,0,0,0,0,-
Rudolfs Balcers,S.J,L,61,69.516666666667,0,1,1,0,1,100.00,9,0.00,0.34,10,9,5,0,1,0,0,0,0,0,0,0,2,3,4,1,1,1,1,50.00
Troy Terry,ANA,"C, R",75,1.4666666666667,0,0,0,0,0,-,0,-,0.0,0,0,0,0,0,0,0,0,0,0,0,0,0,0,0,1,0,0,0,-
Adam Gaudette,"CHI, OTT",C,58,0.38333333333333,0,0,0,0,0,-,0,-,0.0,0,0,0,0,0,0,0,0,0,0,0,0,0,0,0,0,0,0,0,-
Vladislav Gavrikov,CBJ,D,80,247.06666666667,0,1,1,0,1,50.00,11,0.00,0.84,13,13,5,4,2,1,2,1,1,0,0,1,3,4,9,5,39,0,0,-
Mason Appleton,"SEA, WPG",C,68,53.233333333333,0,0,0,0,0,-,1,0.00,0.0,2,1,0,0,0,0,12,2,1,0,1,0,0,0,2,0,3,0,0,-
Steven Lorentz,CAR,C,67,29.016666666667,0,0,0,0,0,-,0,-,0.0,0,0,0,0,0,0,0,0,0,0,0,0,0,1,2,2,0,3,5,37.50
Matt Roy,L.A,D,67,139.08333333333,0,2,2,0,2,40.00,3,0.00,0.0,3,3,0,0,0,0,2,1,1,0,0,0,10,2,15,3,4,0,0,-
Sami Niku,MTL,D,13,3.4166666666667,0,0,0,0,0,-,0,-,0.0,0,0,0,0,0,0,0,0,0,0,0,0,0,0,0,0,1,0,0,-
Lane Pederson,S.J,C,29,2.1333333333333,0,0,0,0,0,-,0,-,0.0,0,0,0,0,0,0,0,0,0,0,0,0,0,0,0,0,0,1,0,100.00
Jalen Chatfield,CAR,D,16,5.9833333333333,0,0,0,0,0,-,0,-,0.0,0,0,0,0,0,0,0,0,0,0,0,0,0,0,0,0,1,0,0,-
Mason Marchment,FLA,L,54,1.45,0,0,0,0,0,-,0,-,0.0,0,0,0,0,0,0,0,0,0,0,0,0,0,0,0,0,0,0,1,0.00
Adam Brooks,"MTL, VGK, WPG",C,25,1.9166666666667,0,0,0,0,0,-,0,-,0.0,0,0,0,0,0,0,0,0,0,0,0,0,0,0,0,0,0,1,2,33.33
Philippe Myers,NSH,D,27,27.316666666667,0,0,0,0,0,-,0,-,0.0,0,0,0,0,0,0,2,1,1,0,0,0,1,0,2,0,1,0,0,-
Ryan Lomberg,FLA,L,55,66.216666666667,0,1,1,0,1,100.00,7,0.00,1.06,10,9,10,3,1,2,0,0,0,0,0,0,0,3,1,4,3,0,1,0.00
Dan Renouf,DET,D,4,0.73333333333333,0,0,0,0,0,-,0,-,0.0,0,0,0,0,0,0,0,0,0,0,0,0,0,0,0,0,0,0,0,-
Ethan Prow,BUF,D,4,4.1666666666667,0,0,0,0,0,-,0,-,0.0,0,0,0,0,0,0,0,0,0,0,0,0,0,0,0,0,0,0,0,-
Kevin Rooney,NYR,C,61,129.38333333333,0,0,0,0,0,-,7,0.00,0.55,11,9,6,2,1,1,0,0,0,0,0,3,2,4,2,1,15,10,15,40.00
Brandon Tanev,SEA,L,30,41.366666666667,1,0,0,0,1,100.00,7,14.29,1.32,8,8,8,4,3,1,2,1,1,0,0,1,1,4,8,3,3,0,1,0.00
Matthew Tkachuk,CGY,L,82,3.2333333333333,0,0,0,0,0,-,0,-,0.0,0,0,0,0,0,0,2,1,1,0,0,1,0,0,0,0,0,0,0,-
Joey Anderson,TOR,R,5,0.25,0,0,0,0,0,-,0,-,0.0,0,0,0,0,0,0,0,0,0,0,0,0,0,0,0,0,0,0,0,-
Luke Kunin,NSH,C,82,61.5,0,0,0,0,0,-,1,0.00,0.26,4,4,3,0,0,0,2,1,1,0,0,1,0,0,0,0,5,5,4,55.56
Auston Matthews,TOR,C,73,5.6666666666667,0,0,0,0,0,-,1,0.00,0.04,3,2,2,1,0,1,0,0,0,0,0,0,0,0,2,0,0,7,6,53.85
Adam Fox,NYR,D,78,166.18333333333,1,1,0,1,2,66.67,4,25.00,0.23,6,6,2,2,0,0,2,1,1,0,0,2,5,7,1,1,12,0,0,-
Ryan Lindgren,NYR,D,78,174.13333333333,0,0,0,0,0,0.00,1,0.00,0.0,2,1,0,0,0,0,0,0,0,0,0,0,7,3,16,4,25,0,0,-
Charlie McAvoy,BOS,D,78,168.13333333333,1,0,0,0,1,33.33,2,50.00,0.96,3,2,1,1,0,0,0,0,0,0,0,1,5,9,11,4,16,0,0,-
Libor Hajek,NYR,D,17,4.4166666666667,0,0,0,0,0,-,1,0.00,0.04,1,1,0,0,0,0,0,0,0,0,0,0,0,0,1,0,0,0,0,-
Rasmus Asplund,BUF,C,80,59.6,1,0,0,0,1,100.00,5,20.00,0.52,9,8,2,1,1,0,0,0,0,0,0,0,1,5,1,0,0,1,2,33.33
Carl Grundstrom,L.A,R,54,5.1833333333333,0,0,0,0,0,-,0,-,0.0,0,0,0,0,0,0,2,1,1,0,0,0,0,0,1,0,0,0,0,-
Alex DeBrincat,CHI,L,82,53.233333333333,0,0,0,0,0,-,8,0.00,1.58,11,10,8,4,3,0,0,0,0,0,0,1,2,4,2,0,2,0,1,0.00
Markus Niemelainen,EDM,D,20,29.216666666667,0,0,0,0,0,-,1,0.00,0.0,1,1,0,0,0,0,0,0,0,0,0,0,2,0,11,0,4,0,0,-
Patrik Laine,CBJ,L,56,0.61666666666667,0,0,0,0,0,-,0,-,0.02,1,1,0,0,0,0,0,0,0,0,0,0,0,0,0,0,0,0,0,-
Cam Dineen,ARI,D,34,36.516666666667,0,0,0,0,0,-,1,0.00,0.06,2,2,0,0,1,0,0,0,0,0,0,0,1,0,0,0,5,0,0,-
Clayton Keller,ARI,"C, R",67,76.033333333333,1,1,1,0,2,100.00,8,12.50,1.18,11,10,7,6,2,0,2,1,1,0,0,2,1,6,0,1,3,1,1,50.00
Jesse Puljujarvi,EDM,R,65,1.4166666666667,0,0,0,0,0,-,0,-,0.0,0,0,0,0,0,0,0,0,0,0,0,0,0,0,0,0,0,0,0,-
Jakob Chychrun,ARI,D,47,80.116666666667,0,0,0,0,0,-,3,0.00,0.0,4,4,0,0,0,0,0,0,0,0,0,2,3,2,4,3,8,0,0,-
Dillon Dube,CGY,C,79,63.483333333333,1,2,2,0,3,100.00,5,20.00,0.87,6,6,5,3,1,2,0,0,0,0,0,1,0,2,6,2,0,3,9,25.00
Tyler Benson,EDM,L,29,0.28333333333333,0,0,0,0,0,-,0,-,0.0,0,0,0,0,0,0,0,0,0,0,0,0,0,0,0,0,0,0,0,-
Kale Clague,"L.A, MTL",D,36,13.033333333333,0,0,0,0,0,0.00,0,-,0.0,0,0,0,0,0,0,0,0,0,0,0,0,0,0,0,0,0,0,0,-
Sam Steel,ANA,C,68,21.816666666667,0,0,0,0,0,-,0,-,0.0,0,0,0,0,0,0,0,0,0,0,0,0,0,1,0,0,0,1,6,14.29
Brett Howden,VGK,C,47,21.033333333333,0,2,1,1,2,100.00,3,0.00,0.36,3,3,3,2,1,1,2,1,1,0,0,0,0,0,1,2,1,2,5,28.57
Olli Juolevi,"DET, FLA",D,18,6.1,0,0,0,0,0,-,0,-,0.0,0,0,0,0,0,0,0,0,0,0,0,0,0,0,1,0,0,0,0,-
Kieffer Bellows,NYI,L,45,0.5,0,0,0,0,0,-,0,-,0.0,0,0,0,0,0,0,0,0,0,0,0,0,0,0,0,0,0,0,0,-
Beck Malenstyn,WSH,L,12,8.8833333333333,0,0,0,0,0,-,1,0.00,0.0,1,1,0,0,0,0,0,0,0,0,0,1,0,1,0,0,1,0,3,0.00
Tim Gettinger,NYR,L,8,0.5,0,0,0,0,0,-,0,-,0.0,0,0,0,0,0,0,0,0,0,0,0,0,0,0,0,0,0,0,0,-
Trent Frederic,BOS,C,60,32.416666666667,0,0,0,0,0,-,2,0.00,0.33,6,4,5,1,0,0,2,1,1,0,0,0,0,2,2,2,1,0,1,0.00
Logan Brown,STL,C,39,3.2666666666667,0,0,0,0,0,-,1,0.00,0.13,1,1,1,1,0,0,0,0,0,0,0,0,0,0,0,0,0,0,0,-
William Lockwood,VAN,R,13,0.86666666666667,0,0,0,0,0,-,0,-,0.0,0,0,0,0,0,0,0,0,0,0,0,0,0,0,0,0,0,0,0,-
Max Jones,ANA,L,2,2.1333333333333,0,0,0,0,0,-,0,-,0.0,1,0,1,0,0,0,0,0,0,0,0,0,0,0,0,0,0,0,0,-
Andrew Peeke,CBJ,D,82,263.66666666667,0,0,0,0,0,0.00,4,0.00,0.05,6,6,1,0,0,0,2,1,1,0,0,0,1,2,23,3,38,0,0,-
Tyson Jost,"COL, MIN",C,80,133.28333333333,0,1,1,0,1,100.00,2,0.00,0.06,2,2,0,0,0,0,4,2,2,0,0,2,2,6,1,3,6,40,62,39.22
Dante Fabbro,NSH,D,66,65.7,0,0,0,0,0,0.00,1,0.00,0.02,1,1,0,0,0,0,2,1,1,0,0,1,4,0,2,1,14,0,0,-
Josh Mahura,ANA,D,38,7.3,0,0,0,0,0,0.00,0,-,0.0,0,0,0,0,0,0,2,1,1,0,0,0,0,0,3,0,0,0,0,-
Jonathan Dahlen,S.J,C,61,2.15,0,0,0,0,0,-,0,-,0.0,0,0,0,0,0,0,0,0,0,0,0,0,0,0,0,0,0,0,0,-
Victor Mete,OTT,D,37,60.666666666667,0,0,0,0,0,0.00,1,0.00,0.01,2,1,0,0,1,0,0,0,0,0,0,0,1,2,1,3,8,0,0,-
Logan Stanley,WPG,D,58,140.03333333333,0,1,0,1,1,25.00,4,0.00,0.15,5,4,2,0,1,0,4,2,2,0,0,4,12,2,23,3,18,0,0,-
Givani Smith,DET,R,46,0.15,0,0,0,0,0,-,0,-,0.0,0,0,0,0,0,0,0,0,0,0,0,0,0,0,0,0,0,0,0,-
Connor Bunnaman,PHI,C,15,3.85,0,0,0,0,0,-,0,-,0.0,0,0,0,0,0,0,0,0,0,0,0,0,1,0,2,0,0,2,4,33.33
Boris Katchouk,"CHI, T.B",L,59,36.266666666667,0,0,0,0,0,-,4,0.00,0.57,6,5,4,2,1,0,2,1,1,0,0,3,0,1,3,0,1,0,2,0.00
Jordan Kyrou,STL,C,74,4.6166666666667,0,1,1,0,1,100.00,0,-,0.0,2,0,2,1,0,1,0,0,0,0,0,0,0,0,0,0,0,0,0,-
Riley Stillman,CHI,D,52,58.116666666667,0,0,0,0,0,-,0,-,0.0,0,0,0,0,0,0,0,0,0,0,0,0,3,4,1,2,12,0,0,-
Taylor Raddysh,"CHI, T.B",R,74,34.6,1,0,0,0,1,100.00,2,50.00,0.45,3,3,3,2,1,0,0,0,0,0,0,0,0,1,2,1,2,1,0,100.00
Noah Gregor,S.J,C,63,20.133333333333,0,0,0,0,0,-,2,0.00,0.24,3,3,3,0,0,0,0,0,0,0,0,0,1,2,0,0,1,0,0,-
Dennis Cholowski,"SEA, WSH",D,11,1.6166666666667,0,0,0,0,0,-,0,-,0.0,0,0,0,0,0,0,0,0,0,0,0,0,0,0,0,0,0,0,0,-
Samuel Girard,COL,D,67,42.8,0,0,0,0,0,-,0,-,0.0,0,0,0,0,0,0,2,1,1,0,0,1,2,0,3,2,4,0,0,-
Pierre-Luc Dubois,WPG,L,81,2.4333333333333,0,0,0,0,0,-,0,-,0.0,0,0,0,0,0,0,0,0,0,0,0,0,0,0,0,0,0,1,1,50.00
Jake Bean,CBJ,D,67,73.266666666667,0,1,1,0,1,33.33,4,0.00,0.01,4,4,0,0,2,0,0,0,0,0,0,1,2,3,3,0,5,0,0,-
Henrik Borgstrom,CHI,C,52,3.6,0,0,0,0,0,-,0,-,0.0,0,0,0,0,0,0,0,0,0,0,0,0,0,0,1,0,0,0,1,0.00
Jesper Bratt,N.J,L,76,3.5166666666667,0,0,0,0,0,-,0,-,0.0,0,0,0,0,0,0,0,0,0,0,0,0,0,0,0,0,0,0,0,-
Mikhail Sergachev,T.B,D,78,165.05,0,1,1,0,1,33.33,6,0.00,0.23,7,7,1,1,1,0,2,1,1,0,0,2,3,1,9,2,11,0,0,-
Sean Day,T.B,D,2,0.31666666666667,0,0,0,0,0,-,0,-,0.0,0,0,0,0,0,0,0,0,0,0,0,0,0,0,0,0,0,0,0,-
Nathan Bastian,"N.J, SEA",R,72,16.616666666667,0,0,0,0,0,0.00,1,0.00,0.23,2,1,1,1,1,0,0,0,0,0,0,0,0,0,4,1,0,2,0,100.00
Michael McLeod,N.J,C,77,156.11666666667,0,1,0,1,1,100.00,7,0.00,0.3,8,7,4,0,0,0,2,1,1,0,0,2,2,13,9,4,3,87,70,55.41
Tage Thompson,BUF,R,78,65.433333333333,2,0,0,0,2,66.67,5,40.00,1.22,6,5,4,2,2,0,10,1,0,0,1,0,1,5,6,0,1,21,43,32.81
Jacob Moverare,L.A,D,19,24.1,0,0,0,0,0,-,0,-,0.0,0,0,0,0,0,0,0,0,0,0,0,0,0,0,3,0,3,0,0,-
Filip Hronek,DET,D,78,123.36666666667,0,0,0,0,0,0.00,7,0.00,0.1,8,7,0,0,2,0,4,2,2,0,0,1,2,1,10,1,10,0,0,-
Jacob MacDonald,COL,D,8,3.05,0,0,0,0,0,-,0,-,0.0,0,0,0,0,0,0,0,0,0,0,0,0,0,0,0,0,1,0,0,-
Troy Stecher,"DET, L.A",D,29,24.333333333333,0,0,0,0,0,-,0,-,0.0,0,0,0,0,0,0,0,0,0,0,0,0,1,0,0,1,3,0,0,-
Nikita Zaitsev,OTT,D,62,174.61666666667,0,2,1,1,2,66.67,2,0.00,0.0,3,2,0,0,0,0,4,2,2,0,0,0,6,5,9,1,27,0,0,-
Drake Caggiula,BUF,C,18,29.216666666667,0,0,0,0,0,-,1,0.00,0.15,1,1,1,1,1,0,0,0,0,0,0,1,1,1,1,1,0,1,3,25.00
Michal Kempny,WSH,D,15,15.533333333333,0,0,0,0,0,-,0,-,0.0,0,0,0,0,0,0,0,0,0,0,0,0,1,0,3,0,1,0,0,-
Janne Kuokkanen,N.J,"C, L",57,60.566666666667,1,0,0,0,1,100.00,3,33.33,0.25,4,3,4,2,1,0,2,1,1,0,0,0,0,2,0,1,0,0,2,0.00
Kasper Bjorkqvist,PIT,R,6,6.1666666666667,0,0,0,0,0,-,0,-,0.0,0,0,0,0,0,0,0,0,0,0,0,0,0,0,0,0,0,0,0,-
Rem Pitlick,"MIN, MTL",C,66,47.85,1,0,0,0,1,100.00,2,50.00,0.16,2,2,2,1,0,0,0,0,0,0,0,1,0,2,0,0,2,2,0,100.00
Brandon Duhaime,MIN,R,80,47.883333333333,0,0,0,0,0,-,0,-,0.04,3,1,2,0,0,0,0,0,0,0,0,0,1,0,1,1,5,0,4,0.00
Lucas Carlsson,FLA,D,40,4.95,0,0,0,0,0,-,0,-,0.0,0,0,0,0,0,0,0,0,0,0,0,0,0,0,0,0,0,0,0,-
Ross Colton,T.B,C,79,1.8833333333333,0,0,0,0,0,-,0,-,0.0,0,0,0,0,0,0,0,0,0,0,0,0,0,0,0,0,0,0,4,0.00
Otto Koivula,NYI,L,8,3.3333333333333,0,0,0,0,0,-,0,-,0.0,0,0,0,0,0,0,0,0,0,0,0,0,0,0,0,0,0,1,0,100.00
Linus Hogberg,PHI,D,5,4.2833333333333,0,0,0,0,0,-,0,-,0.0,0,0,0,0,0,0,0,0,0,0,0,0,0,0,0,0,2,0,0,-
Axel Jonsson-Fjallby,WSH,L,23,15.933333333333,0,0,0,0,0,-,1,0.00,0.04,1,1,1,0,0,0,0,0,0,0,0,0,0,0,0,1,0,0,0,-
Brandon Hagel,"CHI, T.B",L,77,108.21666666667,1,2,2,0,3,100.00,8,12.50,1.35,12,11,8,4,2,1,0,0,0,0,0,1,5,9,2,7,5,3,9,25.00
Michael Pezzetta,MTL,L,51,0.63333333333333,0,0,0,0,0,-,0,-,0.0,0,0,0,0,0,0,0,0,0,0,0,0,0,0,0,0,0,0,0,-
Oskar Steen,BOS,C,20,5.35,0,0,0,0,0,-,1,0.00,0.25,2,2,0,0,0,0,0,0,0,0,0,1,0,1,0,0,0,0,1,0.00
Tanner Laczynski,PHI,C,1,0.28333333333333,0,0,0,0,0,-,0,-,0.0,0,0,0,0,0,0,0,0,0,0,0,0,0,0,0,0,0,0,1,0.00
Maxim Mamin,FLA,C,40,0.1,0,0,0,0,0,-,0,-,0.0,0,0,0,0,0,0,0,0,0,0,0,0,0,0,0,0,0,0,0,-
Mikhail Maltsev,COL,L,18,0.56666666666667,0,0,0,0,0,-,0,-,0.0,0,0,0,0,0,0,0,0,0,0,0,0,0,0,0,0,0,0,0,-
Casey Fitzgerald,BUF,D,36,41.166666666667,0,0,0,0,0,-,0,-,0.0,0,0,0,0,0,0,0,0,0,0,0,1,0,1,0,0,10,0,0,-
Dylan Gambrell,OTT,C,63,88.633333333333,1,0,0,0,1,50.00,7,14.29,1.05,9,9,6,4,3,0,0,0,0,0,0,0,1,1,5,2,5,30,58,34.09
Chase Priskie,FLA,D,4,1.7833333333333,0,0,0,0,0,-,0,-,0.0,0,0,0,0,0,0,0,0,0,0,0,0,0,0,0,0,0,0,0,-
Jeremy Davies,NSH,D,6,0.23333333333333,0,0,0,0,0,-,0,-,0.0,0,0,0,0,0,0,0,0,0,0,0,0,0,0,0,0,0,0,0,-
Michael Carcone,ARI,L,21,0.13333333333333,0,0,0,0,0,-,0,-,0.0,0,0,0,0,0,0,0,0,0,0,0,0,0,0,0,0,0,0,0,-
Dylan Coghlan,VGK,D,59,16.533333333333,0,0,0,0,0,0.00,0,-,0.0,0,0,0,0,0,0,0,0,0,0,0,0,1,0,0,0,2,0,0,-
Matt Luff,NSH,R,23,0.9,0,0,0,0,0,-,0,-,0.0,0,0,0,0,0,0,0,0,0,0,0,0,0,0,0,0,0,0,0,-
Tanner Jeannot,NSH,L,81,207.0,1,0,0,0,1,100.00,11,9.09,1.2,17,16,12,6,1,0,2,1,1,0,0,3,2,10,11,6,17,0,3,0.00
Mathieu Olivier,NSH,R,10,8.1,0,0,0,0,0,-,0,-,0.0,0,0,0,0,0,0,0,0,0,0,0,0,0,1,0,1,0,0,0,-
Trevor Moore,L.A,C,81,99.766666666667,5,1,1,0,6,100.00,19,26.32,2.36,25,23,17,8,5,0,0,0,0,0,0,1,2,3,1,5,0,3,2,60.00
Jeffrey Viel,S.J,L,34,0.48333333333333,0,0,0,0,0,-,0,-,0.0,0,0,0,0,0,0,0,0,0,0,0,0,0,0,0,0,0,0,0,-
Kristians Rubins,TOR,D,3,1.2666666666667,0,0,0,0,0,-,0,-,0.0,0,0,0,0,0,0,0,0,0,0,0,0,0,0,2,0,0,0,0,-
Justin Danforth,CBJ,R,45,21.766666666667,0,0,0,0,0,-,1,0.00,0.03,2,1,0,0,0,0,0,0,0,0,0,0,1,2,0,0,2,12,13,48.00
Zach Aston-Reese,"ANA, PIT","C, L",69,104.33333333333,0,0,0,0,0,0.00,1,0.00,0.03,3,1,2,1,0,1,2,1,1,0,0,0,0,2,8,1,6,2,1,66.67
Gavin Bayreuther,CBJ,D,43,19.05,0,0,0,0,0,0.00,0,-,0.01,1,1,0,0,0,0,2,1,1,0,0,0,0,0,1,3,3,0,0,-
Vinni Lettieri,ANA,C,31,0.5,0,0,0,0,0,-,0,-,0.0,0,0,0,0,0,0,0,0,0,0,0,0,0,0,0,0,0,0,0,-
Nolan Patrick,VGK,C,25,0.2,0,0,0,0,0,-,0,-,0.0,0,0,0,0,0,0,0,0,0,0,0,0,0,0,0,0,0,0,0,-
Juuso Valimaki,CGY,D,9,7.7,0,0,0,0,0,-,1,0.00,0.01,1,1,0,0,1,0,0,0,0,0,0,0,0,0,1,0,1,0,0,-
Kailer Yamamoto,EDM,R,81,94.566666666667,1,1,1,0,2,100.00,6,16.67,0.73,8,7,7,2,0,1,10,1,0,0,1,4,3,7,5,3,0,0,1,0.00
Nicolas Hague,VGK,D,52,80.2,0,0,0,0,0,0.00,4,0.00,0.23,7,7,1,0,1,0,2,1,1,0,0,0,0,3,3,2,16,0,0,-
Jonah Gadjovich,S.J,L,43,0.35,0,0,0,0,0,-,0,-,0.0,0,0,0,0,0,0,0,0,0,0,0,0,0,0,0,0,0,0,0,-
Conor Timmins,ARI,D,6,5.95,0,0,0,0,0,-,0,-,0.0,0,0,0,0,0,0,0,0,0,0,0,0,0,0,0,0,0,0,0,-
Mario Ferraro,S.J,D,63,165.78333333333,0,0,0,0,0,0.00,3,0.00,0.03,3,3,0,0,0,0,2,1,1,0,0,1,4,4,13,3,7,0,0,-
Cal Foote,T.B,D,56,11.5,0,0,0,0,0,-,0,-,0.0,0,0,0,0,0,0,0,0,0,0,0,0,3,0,2,0,1,0,0,-
Cale Fleury,SEA,D,9,3.8333333333333,0,0,0,0,0,-,0,-,0.0,0,0,0,0,0,0,0,0,0,0,0,0,0,0,1,0,1,0,0,-
Kole Lind,SEA,R,23,0.76666666666667,0,0,0,0,0,-,0,-,0.0,0,0,0,0,0,0,0,0,0,0,0,0,0,0,0,0,0,0,0,-
Morgan Geekie,SEA,C,73,7.0,0,0,0,0,0,-,0,-,0.0,0,0,0,0,0,0,0,0,0,0,0,0,0,0,0,1,0,8,9,47.06
Jake Leschyshyn,VGK,C,41,32.783333333333,0,0,0,0,0,-,0,-,0.0,0,0,0,0,0,0,0,0,0,0,0,0,0,0,1,1,2,1,7,12.50
Michael Rasmussen,DET,C,80,99.1,0,0,0,0,0,-,4,0.00,0.64,4,4,4,3,1,1,0,0,0,0,0,0,2,2,4,3,8,27,38,41.54
Jaret Anderson-Dolan,L.A,C,7,3.6833333333333,0,0,0,0,0,-,0,-,0.0,0,0,0,0,0,0,0,0,0,0,0,0,0,0,0,0,0,1,0,100.00
Mikey Anderson,L.A,D,57,108.95,0,0,0,0,0,0.00,0,-,0.0,0,0,0,0,0,0,0,0,0,0,0,0,0,1,11,2,7,0,0,-
Casey Mittelstadt,BUF,C,40,20.816666666667,0,0,0,0,0,-,2,0.00,0.14,4,4,0,0,0,0,0,0,0,0,0,0,0,0,0,0,1,6,17,26.09
Urho Vaakanainen,"ANA, BOS",D,29,42.216666666667,0,0,0,0,0,-,0,-,0.0,0,0,0,0,0,0,0,0,0,0,0,0,0,0,4,1,9,0,0,-
Nico Hischier,N.J,C,70,119.78333333333,0,2,2,0,2,100.00,4,0.00,0.3,6,6,2,1,0,0,2,1,1,0,0,0,5,4,0,4,1,60,65,48.00
Jesper Boqvist,N.J,C,56,9.3833333333333,0,0,0,0,0,-,0,-,0.04,1,1,0,0,0,0,0,0,0,0,0,0,0,0,0,0,0,1,0,100.00
Kristian Vesalainen,WPG,L,53,0.4,0,0,0,0,0,-,0,-,0.0,0,0,0,0,0,0,0,0,0,0,0,0,0,0,0,0,0,0,0,-
Jonas Rondbjerg,VGK,R,30,14.633333333333,0,0,0,0,0,-,0,-,0.0,0,0,0,0,0,0,0,0,0,0,0,0,0,0,1,0,0,0,1,0.00
Eeli Tolvanen,NSH,R,75,4.65,0,0,0,0,0,-,0,-,0.0,0,0,0,0,0,0,0,0,0,0,0,0,0,0,0,0,1,0,0,-
Elias Pettersson,VAN,C,80,50.316666666667,2,0,0,0,2,100.00,8,25.00,0.94,9,9,6,4,3,0,0,0,0,0,0,1,0,6,3,1,1,5,5,50.00
Gabriel Vilardi,L.A,C,25,0.83333333333333,0,0,0,0,0,-,0,-,0.0,0,0,0,0,0,0,0,0,0,0,0,0,0,0,0,0,0,0,0,-
Owen Tippett,"FLA, PHI",R,63,0.26666666666667,0,0,0,0,0,-,0,-,0.0,0,0,0,0,0,0,0,0,0,0,0,0,0,0,0,0,0,0,0,-
Nick Suzuki,MTL,C,82,123.33333333333,1,2,1,1,3,75.00,14,7.14,1.87,20,17,13,5,1,2,4,2,2,0,0,4,3,3,4,2,8,49,65,42.98
Isaac Ratcliffe,PHI,L,10,0.31666666666667,0,0,0,0,0,-,0,-,0.0,0,0,0,0,0,0,0,0,0,0,0,0,0,0,0,0,0,0,0,-
Jack Studnicka,BOS,C,15,9.4333333333333,0,0,0,0,0,-,0,-,0.0,0,0,0,0,0,0,0,0,0,0,0,0,1,0,0,0,0,5,3,62.50
Robert Thomas,STL,C,72,114.95,2,1,1,0,3,100.00,9,22.22,1.21,12,11,9,5,2,0,0,0,0,0,0,4,4,5,0,0,3,36,29,55.38
MacKenzie Entwistle,CHI,R,55,35.133333333333,1,0,0,0,1,100.00,5,20.00,0.73,6,5,3,3,0,0,0,0,0,0,0,2,3,2,3,2,3,0,5,0.00
Jason Robertson,DAL,L,74,0.28333333333333,0,0,0,0,0,-,0,-,0.0,0,0,0,0,0,0,0,0,0,0,0,0,0,0,0,0,0,0,0,-
Morgan Frost,PHI,C,55,4.2666666666667,0,0,0,0,0,-,0,-,0.0,0,0,0,0,0,0,0,0,0,0,0,0,0,1,0,0,1,1,4,20.00
Alex Formenton,OTT,L,79,149.45,5,1,1,0,6,100.00,21,23.81,2.4,28,24,21,12,2,2,0,0,0,0,0,4,4,11,1,5,7,1,5,16.67
Max Comtois,ANA,L,52,8.4333333333333,0,0,0,0,0,-,0,-,0.0,0,0,0,0,0,0,0,0,0,0,0,0,0,0,0,1,0,1,0,100.00
Henri Jokiharju,BUF,D,60,121.05,0,0,0,0,0,0.00,2,0.00,0.01,3,3,0,0,1,0,2,1,1,0,0,1,3,2,5,3,12,0,0,-
Miro Heiskanen,DAL,D,70,116.48333333333,0,0,0,0,0,0.00,5,0.00,0.08,7,6,0,0,1,0,0,0,0,0,0,0,6,2,0,1,14,0,0,-
Aleksi Heponiemi,FLA,C,6,2.0,0,0,0,0,0,-,0,-,0.0,0,0,0,0,0,0,0,0,0,0,0,0,0,0,0,0,0,0,0,-
Martin Necas,CAR,C,78,101.91666666667,1,0,0,0,1,100.00,14,7.14,0.53,16,14,4,2,4,0,0,0,0,0,0,2,3,4,0,4,3,8,4,66.67
Timothy Liljegren,TOR,D,61,64.833333333333,0,0,0,0,0,0.00,4,0.00,0.02,5,4,0,0,0,0,0,0,0,0,0,0,3,0,10,2,4,0,0,-
Dylan Samberg,WPG,D,15,10.933333333333,0,0,0,0,0,-,1,0.00,0.0,1,1,0,0,0,0,0,0,0,0,0,0,0,0,0,0,7,0,0,-
Sasha Chmelevski,S.J,C,19,12.066666666667,0,0,0,0,0,-,0,-,0.06,1,1,1,0,0,0,0,0,0,0,0,0,0,0,0,2,0,4,2,66.67
Jack Rathbone,VAN,D,9,2.0,0,0,0,0,0,-,0,-,0.0,0,0,0,0,0,0,0,0,0,0,0,0,0,0,0,0,0,0,0,-
Pierre-Olivier Joseph,PIT,D,4,2.0666666666667,0,0,0,0,0,-,0,-,0.0,0,0,0,0,0,0,0,0,0,0,0,0,0,0,0,0,0,0,0,-
Scott Reedy,S.J,C,35,0.35,0,0,0,0,0,-,0,-,0.0,0,0,0,0,0,0,0,0,0,0,0,0,0,0,0,0,0,0,2,0.00
Josh Norris,OTT,C,66,37.9,0,0,0,0,0,0.00,0,-,0.0,0,0,0,0,0,0,2,1,1,0,0,1,1,1,0,0,2,21,34,38.18
Ryan Poehling,MTL,C,57,13.8,0,0,0,0,0,-,3,0.00,0.24,3,3,3,1,0,0,0,0,0,0,0,0,1,0,0,0,0,7,5,58.33
Cale Makar,COL,D,77,108.1,0,0,0,0,0,0.00,5,0.00,0.24,5,5,2,1,0,0,0,0,0,0,0,1,2,1,11,1,4,0,0,-
Ian Mitchell,CHI,D,8,5.8,0,0,0,0,0,-,0,-,0.0,0,0,0,0,0,0,0,0,0,0,0,0,0,0,0,1,2,0,0,-
Robin Salo,NYI,D,21,0.93333333333333,0,0,0,0,0,-,0,-,0.0,0,0,0,0,0,0,0,0,0,0,0,0,0,0,0,0,0,0,0,-
Lias Andersson,L.A,C,20,3.6833333333333,0,0,0,0,0,-,0,-,0.0,0,0,0,0,0,0,0,0,0,0,0,0,0,0,0,0,1,0,2,0.00
Erik Brannstrom,OTT,D,53,41.25,0,0,0,0,0,0.00,2,0.00,0.35,3,3,3,2,0,1,2,1,1,0,0,0,0,1,3,0,3,0,0,-
Alexandre Texier,CBJ,C,36,63.716666666667,1,1,1,0,2,50.00,7,14.29,1.28,16,13,9,5,0,1,4,2,2,0,0,0,0,4,1,1,2,2,4,33.33
Filip Chytil,NYR,C,67,1.1333333333333,0,0,0,0,0,-,0,-,0.08,1,1,1,0,0,0,0,0,0,0,0,0,0,0,0,0,0,1,1,50.00
Alex Iafallo,L.A,L,79,130.06666666667,1,1,1,0,2,100.00,14,7.14,1.07,17,15,6,1,0,0,2,1,1,0,0,1,1,6,3,4,7,2,4,33.33
David Kampf,TOR,C,82,202.66666666667,2,2,2,0,4,66.67,10,20.00,1.1,12,12,9,5,3,0,0,0,0,0,0,2,4,8,4,4,5,135,153,46.88
Neal Pionk,WPG,D,77,81.333333333333,0,0,0,0,0,0.00,4,0.00,0.11,4,4,2,0,0,0,0,0,0,0,0,2,5,1,15,1,2,0,0,-
Calle Rosen,STL,D,18,5.5833333333333,0,0,0,0,0,-,0,-,0.0,0,0,0,0,0,0,0,0,0,0,0,0,1,0,0,0,1,0,0,-
Radim Simek,S.J,D,36,8.7166666666667,0,0,0,0,0,-,1,0.00,0.0,1,1,0,0,0,0,0,0,0,0,0,0,0,0,1,0,0,0,0,-
Jan Rutta,T.B,D,76,88.9,0,0,0,0,0,0.00,1,0.00,0.0,1,1,0,0,1,0,0,0,0,0,0,1,1,0,1,6,6,0,0,-
Gustav Lindstrom,DET,D,63,79.666666666667,0,0,0,0,0,-,3,0.00,0.0,4,3,0,0,0,0,0,0,0,0,0,1,1,0,4,1,7,0,0,-
Eetu Luostarinen,FLA,C,78,146.4,2,1,1,0,3,75.00,6,33.33,1.1,8,7,5,5,3,0,0,0,0,0,0,1,2,8,5,8,7,25,54,31.65
Johnathan Kovacevic,WPG,D,4,1.4666666666667,0,0,0,0,0,-,0,-,0.0,0,0,0,0,0,0,0,0,0,0,0,0,0,0,0,0,0,0,0,-
Jacob Bryson,BUF,D,73,59.566666666667,0,0,0,0,0,-,1,0.00,0.07,2,2,0,0,0,0,0,0,0,0,0,0,0,1,1,1,7,0,0,-
Emil Bemstrom,CBJ,C,41,0.2,0,0,0,0,0,-,0,-,0.0,0,0,0,0,0,0,0,0,0,0,0,0,0,0,0,0,0,0,0,-
Drake Batherson,OTT,R,46,1.7666666666667,0,0,0,0,0,-,0,-,0.0,0,0,0,0,0,0,0,0,0,0,0,0,0,0,0,0,0,1,0,100.00
Jacob Peterson,DAL,C,65,0.66666666666667,0,0,0,0,0,-,0,-,0.0,0,0,0,0,0,0,0,0,0,0,0,0,0,0,0,0,0,0,0,-
Noah Cates,PHI,L,16,18.466666666667,0,0,0,0,0,-,0,-,0.0,0,0,0,0,0,0,0,0,0,0,0,0,0,3,1,0,1,0,1,0.00
Sebastian Aho,NYI,D,36,2.3,0,0,0,0,0,-,0,-,0.0,0,0,0,0,0,0,0,0,0,0,0,0,0,0,0,0,0,0,0,-
Marian Studenic,"DAL, N.J","L, R",33,17.166666666667,0,0,0,0,0,-,2,0.00,0.19,2,2,1,1,0,0,0,0,0,0,0,0,0,0,0,0,0,1,0,100.00
Jakub Galvas,CHI,D,6,8.5833333333333,0,0,0,0,0,-,0,-,0.0,0,0,0,0,0,0,0,0,0,0,0,0,0,0,0,0,0,0,0,-
Alexei Toropchenko,STL,R,28,1.95,0,0,0,0,0,-,1,0.00,0.0,1,1,0,0,0,0,0,0,0,0,0,0,0,0,0,0,0,0,0,-
Morgan Barron,"NYR, WPG",C,27,1.1166666666667,0,0,0,0,0,-,0,-,0.0,0,0,0,0,0,0,0,0,0,0,0,0,0,0,0,0,0,1,0,100.00
Carson Meyer,CBJ,R,13,1.3,0,0,0,0,0,-,1,0.00,0.19,1,1,1,1,1,0,0,0,0,0,0,0,0,0,0,0,0,0,0,-
Wyatt Kalynuk,CHI,D,5,1.35,0,0,0,0,0,-,0,-,0.0,0,0,0,0,0,0,0,0,0,0,0,0,0,0,0,0,0,0,0,-
Grant Hutton,NYI,D,16,7.3666666666667,0,0,0,0,0,-,0,-,0.0,0,0,0,0,0,0,0,0,0,0,0,0,0,0,0,0,0,0,0,-
Sheldon Dries,VAN,C,11,0.033333333333333,0,0,0,0,0,-,0,-,0.0,0,0,0,0,0,0,0,0,0,0,0,0,0,0,0,0,0,0,0,-
Sean Walker,L.A,D,6,5.2833333333333,0,0,0,0,0,-,1,0.00,0.0,1,1,0,0,0,0,0,0,0,0,0,0,0,0,0,0,0,0,0,-
Mark Kastelic,OTT,C,16,0.66666666666667,0,0,0,0,0,-,0,-,0.0,0,0,0,0,0,0,0,0,0,0,0,0,0,0,0,0,0,2,0,100.00
Sean Durzi,L.A,D,64,80.8,0,1,1,0,1,20.00,2,0.00,0.07,3,2,1,0,0,0,0,0,0,0,0,1,5,2,5,1,6,0,0,-
Kristian Reichel,WPG,C,13,1.55,0,0,0,0,0,-,0,-,0.0,0,0,0,0,0,0,0,0,0,0,0,0,0,0,0,0,0,0,0,-
Parker Kelly,OTT,"C, L",41,37.133333333333,0,0,0,0,0,-,0,-,0.0,2,0,2,0,0,0,0,0,0,0,0,0,1,1,1,2,3,0,0,-
Pius Suter,DET,C,82,140.03333333333,1,0,0,0,1,100.00,15,6.67,1.14,19,16,8,3,4,1,0,0,0,0,0,1,2,15,0,1,7,32,50,39.02
Austin Strand,L.A,D,8,8.35,0,0,0,0,0,-,0,-,0.0,0,0,0,0,0,0,0,0,0,0,0,0,0,1,2,0,0,0,0,-
Zach Whitecloud,VGK,D,59,98.916666666667,1,0,0,0,1,33.33,2,50.00,0.22,2,2,2,1,0,0,0,0,0,0,0,2,0,1,2,4,22,0,0,-
Eric Robinson,CBJ,L,67,155.5,2,0,0,0,2,100.00,20,10.00,1.4,25,21,11,6,4,0,2,1,1,0,0,3,0,10,4,1,9,2,2,50.00
Oliver Wahlstrom,NYI,R,73,0.68333333333333,0,0,0,0,0,-,0,-,0.0,0,0,0,0,0,0,0,0,0,0,0,0,0,0,0,0,0,0,0,-
Martin Fehervary,WSH,D,79,140.88333333333,1,1,1,0,2,66.67,3,33.33,0.1,3,3,1,0,1,0,2,1,1,0,0,0,2,1,14,6,19,0,0,-
Joel Farabee,PHI,L,63,86.116666666667,1,0,0,0,1,50.00,11,9.09,0.73,12,11,6,2,2,0,0,0,0,0,0,2,3,6,1,0,5,1,7,12.50
Philipp Kurashev,CHI,C,67,0.81666666666667,0,0,0,0,0,-,0,-,0.0,0,0,0,0,0,0,0,0,0,0,0,0,0,0,0,0,0,0,0,-
Quinn Hughes,VAN,D,76,92.45,0,2,2,0,2,50.00,2,0.00,0.0,2,2,0,0,0,0,0,0,0,0,0,0,1,2,0,1,4,0,0,-
Brady Tkachuk,OTT,L,79,6.8166666666667,0,0,0,0,0,-,0,-,0.0,0,0,0,0,0,0,0,0,0,0,0,0,0,1,0,0,0,2,0,100.00
Ryan McLeod,EDM,C,71,80.133333333333,0,0,0,0,0,0.00,3,0.00,0.19,5,4,1,1,0,0,0,0,0,0,0,1,3,6,0,3,2,9,16,36.00
Evan Bouchard,EDM,D,81,135.95,0,1,1,0,1,20.00,5,0.00,0.16,7,5,1,1,2,0,0,0,0,0,0,1,11,3,4,1,14,0,0,-
Isac Lundestrom,ANA,C,80,152.03333333333,4,0,0,0,4,100.00,7,57.14,1.85,8,8,8,5,3,0,0,0,0,0,0,3,1,3,1,2,12,28,50,35.90
Mattias Samuelsson,BUF,D,42,95.166666666667,0,0,0,0,0,0.00,0,-,0.0,0,0,0,0,0,0,2,1,1,0,0,1,2,0,11,5,13,0,0,-
Joe Veleno,DET,C,66,23.166666666667,0,0,0,0,0,-,1,0.00,0.06,2,2,0,0,0,0,0,0,0,0,0,0,0,0,0,1,1,1,4,20.00
K'Andre Miller,NYR,D,82,120.4,0,0,0,0,0,0.00,2,0.00,0.22,4,3,2,1,0,0,0,0,0,0,0,0,5,2,13,2,10,0,0,-
Filip Zadina,DET,R,74,0.98333333333333,0,0,0,0,0,-,0,-,0.0,0,0,0,0,0,0,0,0,0,0,0,0,0,0,0,0,0,0,0,-
Martin Kaut,COL,R,6,0.21666666666667,0,0,0,0,0,-,0,-,0.0,0,0,0,0,0,0,0,0,0,0,0,0,0,0,0,0,0,0,0,-
Jesperi Kotkaniemi,CAR,C,66,1.0666666666667,0,0,0,0,0,-,0,-,0.0,0,0,0,0,0,0,0,0,0,0,0,0,0,0,0,0,0,2,1,66.67
Andrei Svechnikov,CAR,R,78,1.0666666666667,0,0,0,0,0,-,0,-,0.0,0,0,0,0,0,0,2,1,1,0,0,0,0,0,0,0,0,0,0,-
Alec Regula,CHI,D,15,17.816666666667,0,0,0,0,0,0.00,0,-,0.0,0,0,0,0,0,0,0,0,0,0,0,0,1,1,0,0,3,0,0,-
Jack Drury,CAR,C,2,3.2333333333333,0,0,0,0,0,-,0,-,0.0,0,0,0,0,0,0,0,0,0,0,0,0,0,0,0,0,1,3,0,100.00
Rasmus Dahlin,BUF,D,80,71.75,0,1,1,0,1,20.00,3,0.00,0.0,3,3,0,0,1,0,0,0,0,0,0,1,1,1,7,1,7,0,0,-
Rasmus Kupari,L.A,C,57,33.15,1,0,0,0,1,50.00,2,50.00,0.38,3,3,2,2,1,0,0,0,0,0,0,0,0,3,0,0,0,6,8,42.86
Sampo Ranta,COL,L,10,2.6166666666667,0,0,0,0,0,-,0,-,0.0,0,0,0,0,0,0,0,0,0,0,0,0,0,0,0,0,0,0,0,-
Ryan Merkley,S.J,D,39,1.7333333333333,0,0,0,0,0,-,0,-,0.0,0,0,0,0,0,0,0,0,0,0,0,0,0,0,0,0,0,0,0,-
Barrett Hayton,ARI,C,60,87.783333333333,0,0,0,0,0,-,6,0.00,0.58,8,7,7,3,3,0,0,0,0,0,0,0,0,3,1,0,4,53,70,43.09
Liam Foudy,CBJ,C,1,0.76666666666667,0,0,0,0,0,-,0,-,0.0,0,0,0,0,0,0,0,0,0,0,0,0,0,0,0,0,0,0,0,-
Jack McBain,ARI,C,10,19.816666666667,0,0,0,0,0,-,0,-,0.0,0,0,0,0,0,0,0,0,0,0,0,0,0,1,1,1,2,2,14,12.50
Kevin Bahl,N.J,D,17,17.2,0,0,0,0,0,-,0,-,0.0,0,0,0,0,0,0,0,0,0,0,0,0,0,0,3,0,1,0,0,-
Noah Dobson,NYI,D,80,54.516666666667,0,0,0,0,0,0.00,1,0.00,0.02,2,1,0,0,0,0,0,0,0,0,0,1,2,0,1,1,10,0,0,-
Benoit-Olivier Groulx,ANA,C,18,28.083333333333,0,0,0,0,0,-,1,0.00,0.08,2,1,2,1,0,0,0,0,0,0,0,0,0,0,1,1,1,1,6,14.29
Adam Boqvist,CBJ,D,52,2.1833333333333,0,0,0,0,0,-,0,-,0.0,0,0,0,0,0,0,0,0,0,0,0,0,0,0,0,0,0,0,0,-
Rasmus Sandin,TOR,D,51,2.7666666666667,0,0,0,0,0,-,0,-,0.0,0,0,0,0,0,0,0,0,0,0,0,1,0,1,1,1,0,0,0,-
Nils Lundkvist,NYR,D,25,3.9666666666667,0,0,0,0,0,-,1,0.00,0.01,1,1,0,0,0,0,0,0,0,0,0,0,0,0,1,0,0,0,0,-
Jacob Bernard-Docker,OTT,D,8,1.0333333333333,0,0,0,0,0,-,0,-,0.0,0,0,0,0,0,0,0,0,0,0,0,0,0,0,0,0,0,0,0,-
Ty Smith,N.J,D,66,5.8833333333333,0,0,0,0,0,-,0,-,0.0,0,0,0,0,0,0,0,0,0,0,0,0,0,0,0,0,0,0,0,-
Jordan Harris,MTL,D,10,2.6333333333333,0,0,0,0,0,-,0,-,0.0,0,0,0,0,0,0,0,0,0,0,0,0,0,0,0,0,0,0,0,-
Karson Kuhlman,"BOS, SEA",C,44,37.633333333333,0,0,0,0,0,-,4,0.00,0.42,5,4,4,2,2,0,0,0,0,0,0,0,0,0,0,1,1,0,1,0.00
Ilya Lyubushkin,"ARI, TOR",D,77,143.48333333333,0,1,0,1,1,50.00,2,0.00,0.05,3,2,2,0,0,0,6,3,3,0,0,2,4,2,16,1,16,0,0,-
Nathan Smith,ARI,C,10,0.78333333333333,0,0,0,0,0,-,0,-,0.0,0,0,0,0,0,0,0,0,0,0,0,0,0,0,0,0,0,0,0,-
Connor Dewar,MIN,C,35,25.75,0,0,0,0,0,-,2,0.00,0.4,6,4,4,3,1,0,0,0,0,0,0,2,1,0,5,3,5,9,8,52.94
Declan Chisholm,WPG,D,2,0.033333333333333,0,0,0,0,0,-,0,-,0.0,0,0,0,0,0,0,0,0,0,0,0,0,0,0,0,0,0,0,0,-
Josiah Slavin,CHI,L,15,15.566666666667,0,0,0,0,0,-,0,-,0.0,0,0,0,0,0,0,0,0,0,0,0,0,0,0,0,0,1,0,1,0.00
Alexander Romanov,MTL,D,79,203.3,0,0,0,0,0,0.00,3,0.00,0.07,4,4,1,0,0,0,2,1,1,0,0,0,13,1,22,5,43,0,0,-
Scott Perunovich,STL,D,19,0.9,0,0,0,0,0,-,0,-,0.0,0,0,0,0,0,0,0,0,0,0,0,0,0,0,0,0,0,0,0,-
Jasper Weatherby,S.J,C,50,4.1833333333333,0,0,0,0,0,-,0,-,0.0,1,0,0,0,0,0,0,0,0,0,0,0,0,0,0,0,0,2,3,40.00
Yegor Sharangovich,N.J,C,76,77.883333333333,2,0,0,0,2,100.00,12,16.67,1.51,17,14,7,3,3,0,0,0,0,0,0,0,3,8,0,0,2,1,0,100.00
John Leonard,S.J,L,14,0.95,0,0,0,0,0,-,0,-,0.0,0,0,0,0,0,0,0,0,0,0,0,0,0,0,0,0,0,0,0,-
Rafael Harvey-Pinard,MTL,L,4,0.88333333333333,0,0,0,0,0,-,0,-,0.0,0,0,0,0,0,0,0,0,0,0,0,0,0,0,0,0,0,0,0,-
Simon Benoit,ANA,D,53,38.516666666667,0,0,0,0,0,-,1,0.00,0.0,1,1,0,0,1,0,0,0,0,0,0,0,1,0,6,1,1,0,0,-
Reese Johnson,CHI,C,37,44.166666666667,0,0,0,0,0,-,1,0.00,0.05,2,1,1,0,0,0,0,0,0,0,0,1,2,1,5,1,3,6,8,42.86
Jake Christiansen,CBJ,D,8,1.0,0,0,0,0,0,-,0,-,0.0,0,0,0,0,0,0,0,0,0,0,0,0,0,0,0,0,0,0,0,-
Egor Zamula,PHI,D,10,9.95,0,0,0,0,0,-,0,-,0.0,0,0,0,0,0,0,0,0,0,0,0,0,1,0,0,0,1,0,0,-
Logan O'Connor,COL,R,81,169.88333333333,1,3,3,0,4,100.00,19,5.26,1.46,23,21,13,10,2,0,2,1,1,0,0,3,1,8,3,4,12,4,7,36.36
Samuel Fagemo,L.A,L,4,1.5166666666667,0,0,0,0,0,-,0,-,0.0,0,0,0,0,0,0,0,0,0,0,0,0,0,0,0,0,0,0,0,-
Joe Snively,WSH,C,12,0.016666666666667,0,0,0,0,0,-,0,-,0.0,0,0,0,0,0,0,0,0,0,0,0,0,0,0,0,0,0,0,0,-
Corey Schueneman,MTL,D,24,21.8,0,0,0,0,0,-,1,0.00,0.0,3,1,0,0,1,0,0,0,0,0,0,1,1,0,1,0,4,0,0,-
Nico Sturm,"COL, MIN",C,74,116.08333333333,1,0,0,0,1,100.00,10,10.00,0.52,10,10,5,0,0,0,0,0,0,0,0,0,1,2,3,0,5,50,47,51.55
Blake Lizotte,L.A,C,70,76.9,1,2,1,1,3,60.00,4,25.00,0.59,7,6,6,2,1,0,2,1,1,0,0,0,1,3,1,2,1,28,26,51.85
Jon Lizotte,MIN,D,1,1.0166666666667,0,0,0,0,0,-,0,-,0.0,0,0,0,0,0,0,0,0,0,0,0,0,0,0,0,0,0,0,0,-
Brett Leason,WSH,R,36,0.46666666666667,0,0,0,0,0,-,0,-,0.0,0,0,0,0,0,0,0,0,0,0,0,0,0,0,0,0,0,0,0,-
Nolan Foote,N.J,L,7,0.2,0,0,0,0,0,-,0,-,0.0,0,0,0,0,0,0,0,0,0,0,0,0,0,0,0,0,0,0,0,-
Ronnie Attard,PHI,D,15,16.5,0,0,0,0,0,-,0,-,0.0,0,0,0,0,0,0,0,0,0,0,0,0,0,2,2,0,1,0,0,-
Peyton Krebs,"BUF, VGK",C,57,5.7166666666667,0,0,0,0,0,-,0,-,0.0,1,0,0,0,0,0,0,0,0,0,0,0,0,0,0,0,0,0,1,0.00
Kirby Dach,CHI,C,70,77.683333333333,0,1,0,1,1,100.00,3,0.00,0.1,3,3,1,0,0,0,2,1,1,0,0,0,2,3,0,2,1,6,8,42.86
Bowen Byram,COL,D,30,8.7333333333333,0,0,0,0,0,-,0,-,0.1,1,1,1,0,1,0,0,0,0,0,0,0,0,1,1,1,0,0,0,-
Kaedan Korczak,VGK,D,1,1.1666666666667,0,0,0,0,0,0.00,0,-,0.0,0,0,0,0,0,0,0,0,0,0,0,0,0,0,0,0,0,0,0,-
Dylan Cozens,BUF,C,79,38.333333333333,0,1,1,0,1,100.00,6,0.00,0.49,7,6,4,1,0,1,10,1,0,0,1,2,1,1,1,2,0,10,16,38.46
Alex Turcotte,L.A,C,8,0.85,0,0,0,0,0,-,0,-,0.0,0,0,0,0,0,0,0,0,0,0,0,0,0,0,0,0,0,0,0,-
Trevor Zegras,ANA,C,75,4.2833333333333,0,0,0,0,0,-,0,-,0.0,0,0,0,0,0,0,0,0,0,0,0,0,0,0,0,0,0,0,0,-
Nils Hoglander,VAN,L,60,1.3666666666667,0,0,0,0,0,-,0,-,0.0,0,0,0,0,0,0,0,0,0,0,0,0,0,0,0,0,0,0,0,-
Nikita Okhotiuk,N.J,D,5,1.25,0,0,0,0,0,-,0,-,0.0,0,0,0,0,0,0,0,0,0,0,0,0,0,0,0,0,0,0,0,-
Cole Caufield,MTL,R,67,1.05,0,0,0,0,0,-,0,-,0.01,1,1,0,0,0,0,0,0,0,0,0,0,1,0,0,0,0,0,0,-
Moritz Seider,DET,D,82,154.66666666667,0,2,1,1,2,66.67,3,0.00,0.14,6,5,1,0,0,0,2,1,1,0,0,0,5,4,15,5,31,0,0,-
Cam York,PHI,D,30,16.183333333333,0,0,0,0,0,-,0,-,0.0,0,0,0,0,0,0,0,0,0,0,0,0,0,0,0,0,2,0,0,-
Adam Beckman,MIN,L,3,0.066666666666667,0,0,0,0,0,-,0,-,0.0,0,0,0,0,0,0,0,0,0,0,0,0,0,0,0,0,0,0,0,-
Artemi Kniazev,S.J,D,1,0.58333333333333,0,0,0,0,0,-,0,-,0.0,0,0,0,0,0,0,0,0,0,0,0,0,0,0,0,0,0,0,0,-
Kaapo Kakko,NYR,R,43,19.233333333333,0,0,0,0,0,-,1,0.00,0.05,3,1,1,1,0,2,0,0,0,0,0,0,0,0,0,0,0,0,1,0.00
Matt Boldy,MIN,L,47,0.46666666666667,0,0,0,0,0,-,0,-,0.03,1,1,0,0,0,0,0,0,0,0,0,0,0,0,0,0,0,0,0,-
Jack Hughes,N.J,C,49,3.5333333333333,0,0,0,0,0,-,0,-,0.0,0,0,0,0,0,0,0,0,0,0,0,0,0,0,0,0,0,1,2,33.33
Arthur Kaliyev,L.A,R,80,1.8333333333333,0,0,0,0,0,-,0,-,0.0,0,0,0,0,0,0,0,0,0,0,0,0,0,0,0,0,0,0,0,-
Alex Vlasic,CHI,D,15,5.3666666666667,0,0,0,0,0,-,0,-,0.0,0,0,0,0,0,0,0,0,0,0,0,0,1,0,0,0,1,0,0,-
Ville Heinola,WPG,D,12,1.7833333333333,0,0,0,0,0,-,0,-,0.0,0,0,0,0,0,0,0,0,0,0,0,0,0,0,0,0,0,0,0,-
Lassi Thomson,OTT,D,16,10.233333333333,0,0,0,0,0,0.00,0,-,0.0,0,0,0,0,0,0,0,0,0,0,0,0,0,0,0,0,2,0,0,-
Philip Tomasino,NSH,C,76,1.2666666666667,0,0,0,0,0,-,0,-,0.0,0,0,0,0,0,0,0,0,0,0,0,0,0,0,0,0,0,0,0,-
Connor McMichael,WSH,C,68,1.1166666666667,0,0,0,0,0,-,1,0.00,0.07,1,1,1,1,0,0,0,0,0,0,0,0,0,0,0,0,0,0,0,-
Thomas Harley,DAL,D,34,0.98333333333333,0,0,0,0,0,-,0,-,0.0,0,0,0,0,0,0,0,0,0,0,0,0,0,0,0,0,0,0,0,-
Shane Pinto,OTT,C,5,3.5833333333333,0,0,0,0,0,-,0,-,0.0,0,0,0,0,0,0,0,0,0,0,0,0,0,0,0,0,0,1,2,33.33
Philip Broberg,EDM,D,23,16.733333333333,0,0,0,0,0,-,0,-,0.0,0,0,0,0,0,0,0,0,0,0,0,0,2,1,0,0,0,0,0,-
Victor Soderstrom,ARI,D,16,6.8666666666667,0,0,0,0,0,-,0,-,0.08,1,1,1,0,0,0,0,0,0,0,0,0,0,0,0,0,2,0,0,-
Tobias Bjornfot,L.A,D,70,76.483333333333,0,0,0,0,0,0.00,1,0.00,0.04,1,1,0,0,0,0,0,0,0,0,0,1,4,0,4,5,2,0,0,-
Jordan Spence,L.A,D,24,13.866666666667,0,0,0,0,0,0.00,0,-,0.0,0,0,0,0,0,0,0,0,0,0,0,0,0,0,0,0,1,0,0,-
Vladislav Kolyachonok,ARI,D,32,16.466666666667,0,0,0,0,0,-,0,-,0.0,0,0,0,0,0,0,0,0,0,0,0,0,1,0,0,0,2,0,0,-
Vasily Podkolzin,VAN,R,79,6.4166666666667,0,0,0,0,0,-,1,0.00,0.05,2,1,1,0,0,0,0,0,0,0,0,0,0,0,0,1,1,0,0,-
Alex Newhook,COL,C,71,6.4,0,0,0,0,0,-,1,0.00,0.0,1,1,0,0,0,0,0,0,0,0,0,0,0,0,0,1,0,0,1,0.00
Ilya Mikheyev,TOR,R,53,73.95,4,0,0,0,4,80.00,17,23.53,2.06,20,20,15,7,2,2,0,0,0,0,0,1,3,4,4,3,0,0,1,0.00
Arttu Ruotsalainen,BUF,C,18,7.9333333333333,0,0,0,0,0,-,0,-,0.0,0,0,0,0,0,0,0,0,0,0,0,0,0,0,0,0,0,2,1,66.67
Joel Kiviranta,DAL,L,56,4.1166666666667,0,0,0,0,0,-,0,-,0.0,0,0,0,0,0,0,0,0,0,0,0,1,0,0,1,0,0,0,0,-
Aliaksei Protas,WSH,C,33,0.4,0,0,0,0,0,-,0,-,0.0,0,0,0,0,0,0,0,0,0,0,0,0,0,0,0,0,0,0,0,-
Santeri Hatakka,S.J,D,9,2.2166666666667,0,0,0,0,0,-,0,-,0.0,0,0,0,0,0,0,0,0,0,0,0,0,0,0,0,0,0,0,0,-
Zac Jones,NYR,D,12,0.15,0,0,0,0,0,-,0,-,0.0,0,0,0,0,0,0,0,0,0,0,0,0,0,0,0,0,0,0,0,-
Matias Maccelli,ARI,L,23,1.4166666666667,0,0,0,0,0,-,0,-,0.0,0,0,0,0,0,0,0,0,0,0,0,0,0,0,0,0,0,0,0,-
Nicholas Abruzzese,TOR,C,9,0.11666666666667,0,0,0,0,0,-,0,-,0.0,0,0,0,0,0,0,0,0,0,0,0,0,0,0,0,0,0,0,0,-
Tyce Thompson,N.J,R,2,1.3333333333333,0,0,0,0,0,-,0,-,0.0,0,0,0,0,0,0,0,0,0,0,0,0,0,0,0,0,0,0,0,-
Zachary Hayes,VGK,D,3,0.61666666666667,0,0,0,0,0,-,0,-,0.0,0,0,0,0,0,0,0,0,0,0,0,0,0,0,0,0,0,0,0,-
Drew O'Connor,PIT,L,22,1.7,0,0,0,0,0,-,0,-,0.0,0,0,0,0,0,0,0,0,0,0,0,0,0,0,0,0,0,0,0,-
Cole Smith,NSH,L,8,6.0,0,0,0,0,0,-,0,-,0.0,0,0,0,0,0,0,0,0,0,0,0,0,0,1,0,0,0,0,0,-
Jack Ahcan,BOS,D,6,0.11666666666667,0,0,0,0,0,-,0,-,0.0,0,0,0,0,0,0,0,0,0,0,0,0,0,0,0,0,0,0,0,-
Braden Schneider,NYR,D,43,21.816666666667,0,0,0,0,0,0.00,0,-,0.0,0,0,0,0,0,0,0,0,0,0,0,0,2,0,1,1,2,0,0,-
Lucas Raymond,DET,L,82,1.8333333333333,0,0,0,0,0,-,1,0.00,0.12,1,1,1,1,0,0,0,0,0,0,0,0,0,0,0,0,0,0,0,-
Marco Rossi,MIN,C,2,0.28333333333333,0,0,0,0,0,-,0,-,0.0,0,0,0,0,0,0,0,0,0,0,0,0,0,0,0,0,0,0,0,-
Jake Neighbours,STL,L,9,4.4666666666667,0,0,0,0,0,-,0,-,0.06,1,1,0,0,0,0,0,0,0,0,0,0,0,0,0,0,0,0,0,-
Seth Jarvis,CAR,C,68,0.63333333333333,0,0,0,0,0,-,0,-,0.0,0,0,0,0,0,0,0,0,0,0,0,0,0,0,0,0,0,0,0,-
Alexis Lafrenire,NYR,L,79,3.6166666666667,0,0,0,0,0,-,0,-,0.06,1,1,1,0,0,0,0,0,0,0,0,0,0,0,0,1,0,0,1,0.00
Dawson Mercer,N.J,C,82,25.25,1,1,1,0,2,100.00,1,100.00,0.05,1,1,1,0,0,0,2,1,1,0,0,1,1,1,0,1,2,1,5,16.67
Justin Barron,"COL, MTL",D,7,6.1666666666667,0,0,0,0,0,-,1,0.00,0.05,1,1,1,0,0,0,0,0,0,0,0,0,1,0,0,0,1,0,0,-
Anton Lundell,FLA,C,65,153.86666666667,1,3,2,1,4,133.33,11,9.09,1.33,19,15,13,5,2,0,2,1,1,0,0,2,6,20,5,4,10,23,53,30.26
Tim Sttzle,OTT,L,79,11.35,1,0,0,0,1,100.00,2,50.00,0.34,4,4,3,3,0,0,0,0,0,0,0,1,0,1,0,1,0,5,2,71.43
Quinton Byfield,L.A,C,40,2.6166666666667,0,0,0,0,0,-,0,-,0.0,0,0,0,0,0,0,0,0,0,0,0,0,0,0,0,0,0,1,2,33.33
Alexander Holtz,N.J,R,9,0.033333333333333,0,0,0,0,0,-,0,-,0.0,0,0,0,0,0,0,0,0,0,0,0,0,0,0,0,0,0,0,0,-
Jamie Drysdale,ANA,D,81,3.1666666666667,0,0,0,0,0,-,0,-,0.0,1,1,0,0,0,0,0,0,0,0,0,0,0,0,0,0,0,0,0,-
Cole Perfetti,WPG,C,18,1.0833333333333,0,0,0,0,0,-,0,-,0.0,0,0,0,0,0,0,0,0,0,0,0,0,0,0,0,0,0,0,0,-
Isaak Phillips,CHI,D,4,1.3333333333333,0,0,0,0,0,-,0,-,0.0,0,0,0,0,0,0,0,0,0,0,0,0,0,0,0,0,0,0,0,-
Alexander Barabanov,S.J,L,70,0.96666666666667,0,0,0,0,0,-,0,-,0.0,0,0,0,0,0,0,0,0,0,0,0,0,0,0,0,0,0,0,0,-
Artem Zub,OTT,D,81,149.75,0,0,0,0,0,0.00,1,0.00,0.0,3,1,1,0,0,0,2,1,1,0,0,1,7,2,10,0,17,0,0,-
Yegor Chinakhov,CBJ,R,62,1.1166666666667,0,0,0,0,0,-,0,-,0.0,0,0,0,0,0,0,0,0,0,0,0,0,0,0,0,0,0,0,0,-
Daniil Miromanov,VGK,D,11,2.8,0,0,0,0,0,0.00,0,-,0.0,0,0,0,0,0,0,0,0,0,0,0,0,0,0,0,0,0,0,0,-
Mike Hardman,CHI,L,21,0.11666666666667,0,0,0,0,0,-,0,-,0.0,0,0,0,0,0,0,0,0,0,0,0,0,0,0,0,0,0,0,0,-
Matt Kiersted,FLA,D,10,8.3666666666667,0,0,0,0,0,-,0,-,0.0,0,0,0,0,0,0,0,0,0,0,0,0,1,0,1,1,1,0,0,-
Jackson Cates,PHI,C,11,5.35,0,0,0,0,0,-,0,-,0.0,0,0,0,0,0,0,0,0,0,0,0,0,0,0,0,0,0,2,1,66.67
Janis Moser,ARI,D,43,65.416666666667,0,0,0,0,0,0.00,1,0.00,0.03,1,1,0,0,0,0,4,2,2,0,0,2,0,2,3,2,5,0,0,-
Matty Beniers,SEA,C,10,0.93333333333333,0,0,0,0,0,-,0,-,0.0,0,0,0,0,0,0,0,0,0,0,0,0,0,0,0,0,0,0,1,0.00
William Eklund,S.J,"C, L",9,0.23333333333333,0,0,0,0,0,-,0,-,0.0,0,0,0,0,0,0,0,0,0,0,0,0,0,0,0,0,0,0,0,-
Owen Power,BUF,D,8,20.3,0,0,0,0,0,0.00,1,0.00,0.03,1,1,1,0,0,0,2,1,1,0,0,0,0,1,0,1,0,0,0,-
Cole Sillinger,CBJ,C,79,33.733333333333,0,0,0,0,0,-,2,0.00,0.26,3,3,3,1,0,0,0,0,0,0,0,0,0,1,0,0,3,8,17,32.00
Mason McTavish,ANA,C,9,3.1333333333333,0,0,0,0,0,-,0,-,0.0,0,0,0,0,0,0,0,0,0,0,0,1,0,0,1,0,0,0,0,-
Kirill Semyonov,TOR,C,3,2.7666666666667,0,0,0,0,0,-,0,-,0.0,0,0,0,0,0,0,0,0,0,0,0,0,0,0,1,0,0,0,0,-
Jesper Froden,BOS,R,7,4.3,0,0,0,0,0,-,0,-,0.0,0,0,0,0,0,0,0,0,0,0,0,0,0,0,0,0,1,0,0,-
Marc McLaughlin,BOS,C,11,0.11666666666667,0,0,0,0,0,-,0,-,0.0,0,0,0,0,0,0,0,0,0,0,0,0,0,0,0,0,0,0,0,-
Nick Blankenburg,CBJ,D,7,4.3666666666667,0,0,0,0,0,-,0,-,0.0,0,0,0,0,0,0,0,0,0,0,0,0,0,0,1,1,1,0,0,-
